month,year,quakes_minor,quakes_moderate,quakes_severe,county
1,2010,1,0,0,alameda
1,2014,1,0,0,alameda
1,2018,0,0,1,alameda
1,2019,0,2,0,alameda
1,2020,1,0,0,alameda
2,2011,1,0,0,alameda
2,2013,2,0,0,alameda
2,2015,1,0,0,alameda
3,2014,1,0,0,alameda
3,2015,0,0,0,alameda
3,2016,1,0,0,alameda
3,2017,1,0,0,alameda
3,2018,1,0,0,alameda
3,2019,1,0,0,alameda
4,2012,1,0,0,alameda
4,2016,1,0,0,alameda
4,2019,2,0,0,alameda
5,2010,1,2,0,alameda
5,2014,1,0,0,alameda
5,2016,1,0,0,alameda
5,2017,2,0,0,alameda
5,2018,0,1,0,alameda
6,2013,1,0,0,alameda
6,2014,2,0,0,alameda
6,2019,1,0,0,alameda
6,2020,1,0,0,alameda
7,2010,1,0,0,alameda
7,2011,0,1,0,alameda
7,2012,1,0,0,alameda
7,2015,2,1,0,alameda
7,2018,1,0,0,alameda
8,2011,1,2,0,alameda
8,2014,1,0,0,alameda
8,2015,2,0,0,alameda
8,2017,1,0,0,alameda
8,2020,1,1,0,alameda
9,2011,0,1,0,alameda
9,2012,1,0,0,alameda
9,2013,2,0,0,alameda
9,2014,1,0,0,alameda
9,2016,0,1,0,alameda
9,2018,1,0,0,alameda
10,2011,1,3,0,alameda
10,2014,1,0,0,alameda
10,2017,1,0,0,alameda
11,2011,1,1,0,alameda
11,2012,1,0,0,alameda
11,2017,2,0,0,alameda
11,2018,3,0,0,alameda
12,2010,1,0,0,alameda
12,2011,2,0,0,alameda
12,2012,1,0,0,alameda
12,2013,1,0,0,alameda
12,2017,1,0,0,alameda
12,2018,1,0,0,alameda
12,2019,1,0,0,alameda
1,2011,0,1,0,amador
1,2013,2,2,0,amador
2,2013,1,0,0,amador
2,2018,1,0,0,amador
2,2019,2,0,0,amador
3,2013,1,0,0,amador
4,2013,0,1,0,amador
4,2018,1,0,0,amador
5,2013,2,1,0,amador
6,2018,1,0,0,amador
7,2016,1,0,0,amador
8,2011,1,0,0,amador
11,2010,5,3,0,amador
4,2010,2,0,0,butte
8,2014,1,0,0,butte
11,2010,0,1,0,butte
2,2010,1,0,0,calaveras
3,2010,1,0,0,calaveras
3,2016,1,0,0,calaveras
3,2019,1,0,0,calaveras
4,2013,1,0,0,calaveras
4,2016,1,0,0,calaveras
4,2020,1,0,0,calaveras
5,2011,1,0,0,calaveras
5,2013,1,0,0,calaveras
5,2020,1,0,0,calaveras
6,2013,2,0,0,calaveras
6,2018,1,0,0,calaveras
7,2020,3,0,0,calaveras
9,2013,1,0,0,calaveras
10,2012,1,0,0,calaveras
10,2015,0,1,0,calaveras
11,2010,1,0,0,calaveras
11,2012,1,0,0,calaveras
11,2019,2,0,0,calaveras
12,2015,1,0,0,calaveras
12,2019,1,0,0,calaveras
1,2015,1,0,0,colusa
5,2018,1,0,0,colusa
8,2012,2,0,0,colusa
1,2011,4,0,0,contra costa
1,2016,1,0,0,contra costa
1,2017,1,0,0,contra costa
1,2020,1,0,0,contra costa
2,2011,1,0,0,contra costa
2,2012,1,0,0,contra costa
2,2013,1,0,0,contra costa
2,2016,1,0,0,contra costa
2,2018,10,3,0,contra costa
3,2012,0,2,0,contra costa
3,2016,1,0,0,contra costa
3,2018,3,0,0,contra costa
3,2019,1,0,0,contra costa
4,2010,1,0,0,contra costa
4,2013,1,0,0,contra costa
4,2015,3,1,0,contra costa
4,2016,1,0,0,contra costa
4,2017,0,1,0,contra costa
4,2018,4,1,0,contra costa
4,2019,0,1,0,contra costa
4,2020,1,0,0,contra costa
5,2011,0,1,0,contra costa
5,2015,3,2,0,contra costa
5,2017,2,0,0,contra costa
5,2018,3,0,0,contra costa
6,2011,1,0,0,contra costa
6,2017,0,0,0,contra costa
6,2018,2,1,0,contra costa
7,2014,1,0,0,contra costa
7,2019,0,1,1,contra costa
7,2020,1,0,0,contra costa
8,2010,2,0,0,contra costa
8,2013,1,0,0,contra costa
8,2014,1,0,0,contra costa
8,2016,1,0,0,contra costa
8,2018,1,0,0,contra costa
8,2020,1,0,0,contra costa
9,2010,1,1,0,contra costa
9,2013,1,0,0,contra costa
9,2015,1,0,0,contra costa
9,2017,2,0,0,contra costa
9,2019,1,0,0,contra costa
10,2011,1,0,0,contra costa
10,2013,4,1,0,contra costa
10,2015,21,6,0,contra costa
10,2019,3,1,1,contra costa
11,2010,2,0,0,contra costa
11,2013,3,1,0,contra costa
11,2014,2,0,0,contra costa
11,2015,4,1,0,contra costa
11,2018,0,1,0,contra costa
12,2010,2,0,0,contra costa
12,2013,1,0,0,contra costa
12,2014,2,0,0,contra costa
12,2015,1,0,0,contra costa
12,2017,1,0,0,contra costa
12,2018,1,0,0,contra costa
3,2011,1,0,0,del norte
6,2010,1,0,0,del norte
7,2019,1,0,0,del norte
9,2016,0,1,0,del norte
10,2019,0,1,0,del norte
5,2010,1,0,0,el dorado
1,2012,2,0,0,fresno
1,2013,1,0,0,fresno
1,2014,1,0,0,fresno
1,2015,2,0,0,fresno
1,2016,1,0,0,fresno
1,2017,2,0,0,fresno
1,2018,3,2,0,fresno
1,2019,1,1,0,fresno
1,2020,1,0,0,fresno
2,2010,1,0,0,fresno
2,2011,1,0,0,fresno
2,2012,2,0,0,fresno
2,2013,2,0,0,fresno
2,2014,1,0,0,fresno
2,2016,3,0,0,fresno
2,2018,1,0,0,fresno
2,2019,1,0,0,fresno
2,2020,1,0,0,fresno
3,2010,1,0,0,fresno
3,2012,4,0,0,fresno
3,2014,1,0,0,fresno
3,2015,6,1,1,fresno
3,2016,4,0,0,fresno
3,2017,6,1,0,fresno
3,2018,1,0,0,fresno
3,2019,1,0,0,fresno
3,2020,3,1,0,fresno
4,2010,1,1,0,fresno
4,2011,1,0,0,fresno
4,2012,1,0,0,fresno
4,2014,1,0,0,fresno
4,2016,1,0,0,fresno
4,2017,1,0,0,fresno
4,2018,4,0,0,fresno
4,2020,1,0,0,fresno
5,2010,2,0,0,fresno
5,2011,1,0,0,fresno
5,2012,2,0,0,fresno
5,2013,0,1,0,fresno
5,2015,0,1,0,fresno
5,2016,1,0,0,fresno
5,2018,1,0,0,fresno
5,2019,0,1,0,fresno
5,2020,2,2,0,fresno
6,2011,1,1,0,fresno
6,2012,1,0,0,fresno
6,2013,1,0,0,fresno
6,2014,3,0,0,fresno
6,2015,0,1,0,fresno
6,2016,1,0,0,fresno
6,2017,1,1,0,fresno
6,2018,2,0,0,fresno
6,2019,2,0,0,fresno
6,2020,1,0,0,fresno
7,2010,3,0,0,fresno
7,2011,2,0,0,fresno
7,2014,2,0,0,fresno
7,2015,2,0,0,fresno
7,2016,2,0,0,fresno
7,2017,11,2,0,fresno
7,2019,3,0,0,fresno
8,2010,0,0,0,fresno
8,2011,3,0,0,fresno
8,2012,2,0,0,fresno
8,2015,0,0,0,fresno
8,2017,9,4,0,fresno
8,2019,4,0,0,fresno
8,2020,2,0,0,fresno
9,2010,1,0,0,fresno
9,2011,2,0,0,fresno
9,2012,1,1,0,fresno
9,2016,1,0,0,fresno
9,2017,2,0,0,fresno
9,2018,2,0,0,fresno
9,2019,1,1,0,fresno
10,2011,1,0,0,fresno
10,2012,1,0,0,fresno
10,2013,2,2,0,fresno
10,2014,11,1,0,fresno
10,2016,2,1,0,fresno
10,2017,6,0,0,fresno
10,2019,1,0,0,fresno
11,2011,1,0,0,fresno
11,2012,1,0,0,fresno
11,2013,1,0,0,fresno
11,2014,5,1,0,fresno
11,2015,1,0,0,fresno
11,2018,3,1,0,fresno
11,2019,4,0,0,fresno
12,2010,2,1,0,fresno
12,2011,2,0,0,fresno
12,2013,1,0,0,fresno
12,2014,2,1,0,fresno
12,2015,2,0,0,fresno
12,2017,2,0,0,fresno
12,2018,4,0,0,fresno
12,2019,1,0,0,fresno
3,2016,1,0,0,glenn
4,2013,1,0,0,glenn
5,2013,1,0,0,glenn
6,2018,1,0,0,glenn
7,2010,1,1,0,glenn
8,2010,2,0,0,glenn
10,2015,1,0,0,glenn
11,2013,1,0,0,glenn
12,2011,1,0,0,glenn
12,2014,2,0,0,glenn
1,2010,5,0,1,humboldt
1,2011,3,0,0,humboldt
1,2012,3,1,0,humboldt
1,2013,3,0,0,humboldt
1,2014,2,0,0,humboldt
1,2015,9,1,0,humboldt
1,2016,3,1,1,humboldt
1,2017,0,1,0,humboldt
1,2018,1,0,0,humboldt
1,2019,4,0,0,humboldt
1,2020,4,1,0,humboldt
2,2010,1,0,0,humboldt
2,2011,2,0,0,humboldt
2,2012,4,1,2,humboldt
2,2013,5,0,0,humboldt
2,2014,1,0,0,humboldt
2,2015,2,0,0,humboldt
2,2016,2,0,0,humboldt
2,2017,2,1,0,humboldt
2,2018,1,0,0,humboldt
2,2019,1,0,1,humboldt
2,2020,2,1,0,humboldt
3,2010,1,0,0,humboldt
3,2011,0,1,0,humboldt
3,2012,1,0,0,humboldt
3,2014,4,0,0,humboldt
3,2015,2,0,0,humboldt
3,2016,1,0,0,humboldt
3,2017,1,1,0,humboldt
3,2018,4,0,0,humboldt
3,2019,1,0,1,humboldt
3,2020,2,0,0,humboldt
4,2010,4,1,0,humboldt
4,2011,1,1,0,humboldt
4,2012,5,0,0,humboldt
4,2013,4,0,0,humboldt
4,2014,1,0,0,humboldt
4,2015,1,0,0,humboldt
4,2016,3,0,0,humboldt
4,2017,5,0,0,humboldt
4,2018,1,0,0,humboldt
4,2019,2,0,0,humboldt
5,2010,1,0,0,humboldt
5,2012,5,0,0,humboldt
5,2013,6,1,0,humboldt
5,2014,2,0,0,humboldt
5,2015,2,0,0,humboldt
5,2016,2,0,0,humboldt
5,2017,1,0,0,humboldt
5,2018,6,0,0,humboldt
5,2019,3,1,0,humboldt
5,2020,3,0,0,humboldt
6,2010,1,0,0,humboldt
6,2011,2,1,0,humboldt
6,2012,1,0,0,humboldt
6,2013,2,0,0,humboldt
6,2014,4,1,1,humboldt
6,2015,2,0,0,humboldt
6,2016,3,0,0,humboldt
6,2017,2,2,0,humboldt
6,2018,2,0,0,humboldt
6,2019,2,0,1,humboldt
6,2020,1,0,0,humboldt
7,2010,2,1,0,humboldt
7,2011,1,0,0,humboldt
7,2012,5,1,0,humboldt
7,2013,3,0,0,humboldt
7,2014,2,1,0,humboldt
7,2016,1,0,1,humboldt
7,2019,2,1,0,humboldt
7,2020,3,0,0,humboldt
8,2010,1,1,0,humboldt
8,2011,4,0,0,humboldt
8,2013,6,1,0,humboldt
8,2014,2,0,0,humboldt
8,2015,3,0,0,humboldt
8,2017,2,0,0,humboldt
8,2018,0,1,0,humboldt
8,2020,1,0,0,humboldt
9,2010,1,0,0,humboldt
9,2011,3,0,0,humboldt
9,2012,2,2,1,humboldt
9,2013,0,1,0,humboldt
9,2014,1,0,0,humboldt
9,2016,2,0,0,humboldt
9,2017,3,1,0,humboldt
9,2018,1,0,0,humboldt
9,2019,4,0,0,humboldt
10,2010,2,1,0,humboldt
10,2011,1,0,0,humboldt
10,2012,0,2,0,humboldt
10,2013,1,1,0,humboldt
10,2014,0,0,1,humboldt
10,2015,1,0,0,humboldt
10,2016,2,0,0,humboldt
10,2017,1,0,0,humboldt
10,2018,3,0,0,humboldt
10,2019,1,2,0,humboldt
11,2010,1,0,0,humboldt
11,2011,1,0,0,humboldt
11,2013,1,1,0,humboldt
11,2014,3,0,0,humboldt
11,2015,1,0,0,humboldt
11,2016,3,1,0,humboldt
11,2017,4,0,0,humboldt
11,2018,1,0,0,humboldt
12,2010,4,1,0,humboldt
12,2011,1,0,0,humboldt
12,2012,2,1,0,humboldt
12,2015,4,0,0,humboldt
12,2016,2,0,1,humboldt
12,2017,4,0,0,humboldt
12,2018,3,1,0,humboldt
12,2019,1,1,0,humboldt
1,2010,5,3,0,imperial
1,2011,3,4,0,imperial
1,2012,1,0,0,imperial
1,2013,1,0,0,imperial
1,2014,2,0,0,imperial
1,2015,1,1,0,imperial
1,2017,10,2,0,imperial
1,2018,3,1,0,imperial
1,2019,3,6,0,imperial
1,2020,1,0,0,imperial
2,2010,1,2,0,imperial
2,2011,1,1,0,imperial
2,2012,8,5,0,imperial
2,2013,1,1,0,imperial
2,2016,1,0,0,imperial
2,2018,4,0,0,imperial
2,2020,1,0,0,imperial
3,2010,4,2,0,imperial
3,2011,1,1,0,imperial
3,2012,2,2,0,imperial
3,2013,2,1,0,imperial
3,2014,5,1,0,imperial
3,2015,3,0,0,imperial
3,2017,2,2,0,imperial
3,2018,1,1,0,imperial
3,2019,1,0,0,imperial
3,2020,4,2,0,imperial
4,2010,312,116,11,imperial
4,2011,6,0,0,imperial
4,2012,2,1,0,imperial
4,2013,3,0,0,imperial
4,2014,1,1,0,imperial
4,2015,3,0,0,imperial
4,2016,1,1,0,imperial
4,2017,2,0,0,imperial
4,2018,1,0,0,imperial
4,2019,1,1,0,imperial
5,2010,77,26,6,imperial
5,2011,2,1,0,imperial
5,2012,2,0,0,imperial
5,2013,2,1,0,imperial
5,2015,6,2,1,imperial
5,2016,6,0,0,imperial
5,2017,3,0,0,imperial
5,2018,5,7,0,imperial
5,2019,2,1,0,imperial
5,2020,5,5,1,imperial
6,2010,113,54,5,imperial
6,2011,2,1,0,imperial
6,2012,2,1,0,imperial
6,2013,4,3,0,imperial
6,2014,3,1,0,imperial
6,2016,3,2,0,imperial
6,2017,0,2,0,imperial
6,2018,4,1,0,imperial
6,2019,1,0,0,imperial
6,2020,4,2,0,imperial
7,2010,14,3,0,imperial
7,2011,6,0,0,imperial
7,2013,0,0,0,imperial
7,2014,2,3,0,imperial
7,2015,6,1,0,imperial
7,2016,3,1,0,imperial
7,2017,2,2,0,imperial
7,2018,1,0,0,imperial
7,2019,2,0,0,imperial
7,2020,3,0,0,imperial
8,2010,1,6,0,imperial
8,2011,2,0,0,imperial
8,2012,59,35,10,imperial
8,2013,2,1,0,imperial
8,2014,2,0,0,imperial
8,2016,0,1,0,imperial
8,2017,7,1,0,imperial
8,2018,1,0,0,imperial
8,2020,15,12,1,imperial
9,2010,9,2,0,imperial
9,2012,5,2,0,imperial
9,2013,1,1,0,imperial
9,2014,2,0,0,imperial
9,2015,3,1,0,imperial
9,2016,28,13,3,imperial
9,2017,3,2,0,imperial
9,2018,1,0,0,imperial
9,2019,1,2,0,imperial
10,2010,6,2,0,imperial
10,2011,3,0,0,imperial
10,2012,2,0,0,imperial
10,2013,10,1,0,imperial
10,2014,1,0,0,imperial
10,2015,0,0,0,imperial
10,2016,5,4,0,imperial
10,2017,3,1,0,imperial
10,2018,6,0,0,imperial
10,2019,3,0,0,imperial
11,2010,1,0,1,imperial
11,2011,0,1,0,imperial
11,2012,4,0,0,imperial
11,2013,1,0,0,imperial
11,2014,1,1,0,imperial
11,2015,2,0,0,imperial
11,2016,11,1,0,imperial
11,2017,1,0,0,imperial
11,2018,2,2,0,imperial
11,2019,8,5,0,imperial
12,2010,7,10,2,imperial
12,2011,2,0,0,imperial
12,2012,3,1,0,imperial
12,2013,2,0,0,imperial
12,2014,4,1,1,imperial
12,2015,5,1,0,imperial
12,2016,11,6,0,imperial
12,2019,1,0,0,imperial
1,2010,14,7,1,inyo
1,2011,2,0,0,inyo
1,2012,2,1,0,inyo
1,2013,1,1,0,inyo
1,2014,0,1,0,inyo
1,2015,3,0,0,inyo
1,2016,0,1,0,inyo
1,2017,2,0,0,inyo
1,2018,1,1,0,inyo
1,2019,4,0,0,inyo
1,2020,6,0,0,inyo
2,2010,11,5,0,inyo
2,2011,2,1,0,inyo
2,2012,6,0,0,inyo
2,2013,4,0,0,inyo
2,2015,5,1,0,inyo
2,2016,9,2,2,inyo
2,2018,1,2,0,inyo
2,2019,1,0,0,inyo
2,2020,6,4,0,inyo
3,2010,11,6,0,inyo
3,2011,3,3,0,inyo
3,2012,3,0,0,inyo
3,2013,2,0,1,inyo
3,2014,11,5,1,inyo
3,2015,3,0,0,inyo
3,2016,4,0,0,inyo
3,2017,1,0,0,inyo
3,2018,4,0,0,inyo
3,2019,4,1,0,inyo
3,2020,9,5,1,inyo
4,2010,4,0,0,inyo
4,2011,2,2,0,inyo
4,2012,1,0,0,inyo
4,2013,7,0,0,inyo
4,2014,1,0,0,inyo
4,2015,4,1,0,inyo
4,2016,0,1,0,inyo
4,2017,5,0,0,inyo
4,2018,1,0,0,inyo
4,2019,8,3,0,inyo
4,2020,7,4,0,inyo
5,2010,2,2,0,inyo
5,2011,3,3,1,inyo
5,2012,1,2,0,inyo
5,2013,1,1,0,inyo
5,2014,2,0,0,inyo
5,2015,6,0,0,inyo
5,2016,1,1,0,inyo
5,2017,0,2,0,inyo
5,2019,11,1,0,inyo
5,2020,8,4,0,inyo
6,2010,1,0,0,inyo
6,2011,0,1,0,inyo
6,2012,2,0,0,inyo
6,2013,2,1,0,inyo
6,2014,4,1,0,inyo
6,2015,3,4,0,inyo
6,2016,2,0,0,inyo
6,2017,2,1,0,inyo
6,2018,1,0,0,inyo
6,2019,3,1,0,inyo
6,2020,42,23,4,inyo
7,2010,2,1,0,inyo
7,2011,4,0,0,inyo
7,2012,3,0,0,inyo
7,2013,1,0,0,inyo
7,2014,5,4,0,inyo
7,2015,3,0,0,inyo
7,2016,0,1,0,inyo
7,2017,1,0,0,inyo
7,2018,1,0,1,inyo
7,2019,670,404,41,inyo
7,2020,12,3,0,inyo
8,2010,1,0,0,inyo
8,2011,2,1,0,inyo
8,2012,4,3,0,inyo
8,2013,2,2,0,inyo
8,2014,3,1,0,inyo
8,2015,2,0,0,inyo
8,2016,1,1,0,inyo
8,2017,4,0,1,inyo
8,2019,59,19,2,inyo
8,2020,8,1,1,inyo
9,2010,5,1,0,inyo
9,2011,3,2,0,inyo
9,2012,1,1,0,inyo
9,2013,3,1,0,inyo
9,2014,0,1,0,inyo
9,2015,1,0,0,inyo
9,2016,0,2,0,inyo
9,2017,2,2,0,inyo
9,2019,15,6,0,inyo
10,2010,11,0,0,inyo
10,2011,3,1,0,inyo
10,2012,3,1,0,inyo
10,2013,4,1,0,inyo
10,2014,0,1,0,inyo
10,2015,1,0,0,inyo
10,2016,1,0,0,inyo
10,2018,0,2,0,inyo
10,2019,8,1,0,inyo
11,2010,2,1,0,inyo
11,2012,6,1,0,inyo
11,2013,2,0,0,inyo
11,2014,3,0,0,inyo
11,2015,1,0,0,inyo
11,2016,4,0,0,inyo
11,2017,3,0,0,inyo
11,2018,2,0,0,inyo
11,2019,13,4,0,inyo
12,2010,4,1,0,inyo
12,2012,6,1,0,inyo
12,2013,8,4,1,inyo
12,2014,2,2,0,inyo
12,2015,4,2,0,inyo
12,2017,2,0,0,inyo
12,2018,2,2,0,inyo
12,2019,17,3,0,inyo
1,2011,0,1,0,kern
1,2013,1,1,0,kern
1,2014,1,1,0,kern
1,2015,3,0,0,kern
1,2016,3,2,0,kern
1,2017,1,0,0,kern
1,2018,1,0,0,kern
1,2019,1,1,0,kern
1,2020,6,1,0,kern
2,2010,2,0,0,kern
2,2011,1,0,0,kern
2,2012,1,0,0,kern
2,2014,2,2,0,kern
2,2015,1,0,0,kern
2,2016,4,3,1,kern
2,2018,1,0,0,kern
2,2019,0,1,0,kern
2,2020,1,1,0,kern
3,2010,4,0,0,kern
3,2011,2,1,0,kern
3,2014,2,0,0,kern
3,2015,1,1,0,kern
3,2016,3,1,0,kern
3,2018,0,1,0,kern
3,2020,2,0,0,kern
4,2010,1,0,0,kern
4,2011,2,0,0,kern
4,2012,1,1,0,kern
4,2013,0,1,0,kern
4,2014,2,1,1,kern
4,2015,2,0,0,kern
4,2016,1,0,0,kern
4,2017,1,1,0,kern
4,2018,0,2,0,kern
4,2019,2,1,0,kern
4,2020,2,1,0,kern
5,2010,3,1,1,kern
5,2011,1,0,0,kern
5,2012,0,1,0,kern
5,2013,0,1,0,kern
5,2014,1,1,0,kern
5,2015,0,1,0,kern
5,2016,1,0,0,kern
5,2017,0,1,0,kern
5,2018,2,0,0,kern
5,2019,1,0,0,kern
5,2020,3,1,0,kern
6,2010,4,2,0,kern
6,2013,1,0,0,kern
6,2014,1,3,0,kern
6,2015,2,1,0,kern
6,2016,1,0,0,kern
6,2017,2,1,0,kern
6,2018,2,0,0,kern
6,2019,0,1,0,kern
6,2020,3,0,0,kern
7,2010,1,1,0,kern
7,2011,0,1,0,kern
7,2013,4,1,1,kern
7,2014,3,0,0,kern
7,2016,2,0,0,kern
7,2017,3,2,0,kern
7,2018,4,0,0,kern
7,2019,16,10,0,kern
7,2020,0,1,0,kern
8,2011,0,0,0,kern
8,2012,6,0,0,kern
8,2013,4,2,1,kern
8,2014,1,1,0,kern
8,2015,2,0,0,kern
8,2016,1,0,0,kern
8,2017,1,0,0,kern
8,2018,1,0,0,kern
8,2019,3,0,0,kern
8,2020,1,0,0,kern
9,2011,1,0,0,kern
9,2012,1,0,0,kern
9,2013,1,0,0,kern
9,2014,0,1,0,kern
9,2015,2,0,0,kern
9,2016,1,0,0,kern
9,2017,0,1,0,kern
9,2018,1,1,0,kern
9,2019,2,0,0,kern
10,2010,0,1,0,kern
10,2011,1,1,0,kern
10,2012,2,0,0,kern
10,2013,0,1,0,kern
10,2016,2,0,0,kern
10,2018,0,0,0,kern
10,2019,1,0,0,kern
11,2010,1,0,0,kern
11,2011,2,0,1,kern
11,2012,1,0,0,kern
11,2013,2,0,0,kern
11,2015,2,0,0,kern
11,2016,4,0,0,kern
11,2017,3,1,0,kern
11,2018,1,0,0,kern
12,2012,1,0,0,kern
12,2013,1,0,0,kern
12,2016,1,0,0,kern
12,2018,1,0,0,kern
12,2019,2,0,0,kern
1,2011,1,0,0,kings
1,2013,1,0,0,kings
1,2018,3,0,0,kings
2,2018,1,1,0,kings
2,2019,1,0,0,kings
3,2011,1,0,0,kings
3,2016,1,0,0,kings
3,2017,1,1,0,kings
4,2014,1,0,0,kings
4,2015,1,0,0,kings
5,2013,1,0,0,kings
5,2016,1,0,0,kings
6,2013,1,0,0,kings
6,2014,7,3,0,kings
6,2016,1,0,0,kings
7,2014,4,0,0,kings
7,2017,1,0,0,kings
7,2019,0,0,0,kings
8,2010,1,0,0,kings
8,2011,1,0,0,kings
8,2013,2,0,0,kings
8,2014,2,0,0,kings
8,2015,1,0,0,kings
8,2018,1,0,0,kings
8,2019,2,0,0,kings
9,2012,2,0,0,kings
9,2014,1,0,0,kings
9,2016,1,1,0,kings
10,2010,1,0,0,kings
10,2011,1,1,0,kings
10,2014,1,0,0,kings
10,2015,1,0,0,kings
10,2019,0,0,0,kings
11,2017,1,0,0,kings
11,2019,1,1,0,kings
12,2013,3,0,0,kings
12,2014,3,0,0,kings
12,2016,2,0,0,kings
12,2017,2,0,0,kings
12,2019,4,0,0,kings
1,2010,4,0,0,lake
1,2011,1,0,0,lake
1,2012,2,1,0,lake
1,2013,4,0,0,lake
1,2014,4,1,0,lake
1,2016,1,0,0,lake
1,2017,1,0,0,lake
1,2018,3,0,1,lake
2,2011,4,0,2,lake
2,2012,1,0,1,lake
2,2013,1,0,0,lake
2,2014,1,0,0,lake
2,2016,1,0,0,lake
2,2017,0,0,1,lake
2,2019,2,0,0,lake
2,2020,2,1,0,lake
3,2010,2,1,0,lake
3,2011,3,1,0,lake
3,2012,2,1,0,lake
3,2013,3,0,0,lake
3,2014,1,0,0,lake
3,2015,1,0,0,lake
3,2016,3,1,0,lake
3,2017,2,0,0,lake
3,2018,1,0,0,lake
3,2019,0,0,0,lake
4,2010,0,1,0,lake
4,2011,3,0,0,lake
4,2012,1,0,0,lake
4,2013,2,0,0,lake
4,2014,1,1,0,lake
4,2015,5,3,0,lake
4,2017,2,1,0,lake
4,2018,1,1,0,lake
4,2019,2,0,0,lake
5,2010,0,0,0,lake
5,2011,2,2,0,lake
5,2012,3,0,0,lake
5,2014,2,0,0,lake
5,2015,1,0,0,lake
5,2016,1,0,0,lake
5,2017,2,0,0,lake
5,2018,1,0,0,lake
6,2010,1,0,0,lake
6,2011,2,0,0,lake
6,2012,1,0,0,lake
6,2013,0,1,0,lake
6,2015,2,0,0,lake
6,2016,3,1,0,lake
6,2017,1,0,0,lake
6,2018,2,0,0,lake
6,2020,3,0,0,lake
7,2010,2,0,0,lake
7,2011,2,0,0,lake
7,2012,1,0,0,lake
7,2013,1,0,0,lake
7,2014,1,0,0,lake
7,2015,2,0,0,lake
7,2016,1,0,0,lake
7,2018,1,0,0,lake
7,2019,1,0,0,lake
7,2020,1,0,0,lake
8,2010,0,2,0,lake
8,2011,3,1,0,lake
8,2012,1,1,0,lake
8,2013,1,2,0,lake
8,2014,2,0,0,lake
8,2015,3,1,0,lake
8,2016,3,0,1,lake
8,2017,1,0,0,lake
8,2018,2,0,0,lake
8,2019,2,1,0,lake
9,2010,2,0,0,lake
9,2011,1,0,0,lake
9,2012,1,1,0,lake
9,2013,1,1,0,lake
9,2014,1,0,0,lake
9,2015,3,1,0,lake
9,2016,2,0,0,lake
9,2017,2,0,0,lake
9,2018,1,0,0,lake
10,2010,1,1,0,lake
10,2011,2,0,0,lake
10,2013,2,0,0,lake
10,2014,1,0,0,lake
10,2015,1,0,0,lake
10,2016,2,0,0,lake
10,2017,3,0,0,lake
10,2018,1,0,0,lake
10,2019,2,0,0,lake
11,2010,1,0,0,lake
11,2012,3,0,0,lake
11,2013,2,0,0,lake
11,2014,2,0,0,lake
11,2015,2,0,0,lake
11,2016,1,1,0,lake
11,2019,1,0,0,lake
12,2010,0,1,0,lake
12,2011,3,0,0,lake
12,2012,1,0,0,lake
12,2013,3,0,0,lake
12,2014,1,0,0,lake
12,2015,1,0,0,lake
12,2016,2,0,0,lake
12,2018,2,0,0,lake
12,2019,0,1,0,lake
2,2010,1,0,0,lassen
3,2011,1,2,0,lassen
3,2017,2,0,0,lassen
4,2019,1,0,0,lassen
5,2016,1,0,0,lassen
7,2012,1,0,0,lassen
7,2013,1,0,0,lassen
8,2016,2,3,1,lassen
9,2014,1,0,0,lassen
9,2017,1,0,0,lassen
10,2016,1,0,0,lassen
11,2018,1,0,0,lassen
12,2017,2,0,0,lassen
1,2012,2,0,0,los angeles
1,2014,1,0,0,los angeles
1,2015,1,1,1,los angeles
1,2016,1,0,0,los angeles
1,2017,1,0,0,los angeles
1,2019,4,0,0,los angeles
1,2020,0,1,0,los angeles
2,2012,1,0,0,los angeles
2,2013,1,0,0,los angeles
2,2014,1,0,0,los angeles
2,2016,1,0,0,los angeles
2,2017,1,0,0,los angeles
2,2018,1,0,0,los angeles
2,2019,4,2,0,los angeles
2,2020,0,1,0,los angeles
3,2010,0,0,1,los angeles
3,2011,0,1,0,los angeles
3,2012,0,0,0,los angeles
3,2013,1,0,0,los angeles
3,2014,5,2,2,los angeles
3,2016,2,0,0,los angeles
3,2017,1,0,0,los angeles
3,2019,3,0,0,los angeles
4,2010,1,0,0,los angeles
4,2013,2,1,0,los angeles
4,2014,0,0,0,los angeles
4,2015,2,3,0,los angeles
4,2016,4,1,0,los angeles
4,2018,1,0,0,los angeles
4,2019,1,0,0,los angeles
4,2020,0,1,0,los angeles
5,2010,3,0,0,los angeles
5,2011,2,0,0,los angeles
5,2012,2,0,0,los angeles
5,2013,2,1,0,los angeles
5,2014,0,1,0,los angeles
5,2015,1,1,0,los angeles
5,2017,0,0,0,los angeles
5,2018,2,3,0,los angeles
5,2019,1,0,0,los angeles
5,2020,1,1,0,los angeles
6,2010,0,1,0,los angeles
6,2011,0,1,0,los angeles
6,2014,1,0,1,los angeles
6,2015,1,1,0,los angeles
6,2016,1,0,0,los angeles
6,2019,3,2,2,los angeles
7,2011,0,1,0,los angeles
7,2012,0,1,0,los angeles
7,2013,1,0,0,los angeles
7,2015,1,0,0,los angeles
7,2017,0,0,0,los angeles
7,2020,3,1,1,los angeles
8,2010,3,0,0,los angeles
8,2011,1,1,0,los angeles
8,2012,1,0,0,los angeles
8,2013,3,0,0,los angeles
8,2014,2,1,0,los angeles
8,2015,2,0,0,los angeles
8,2016,1,0,0,los angeles
8,2017,0,1,0,los angeles
8,2018,1,1,1,los angeles
8,2019,1,0,0,los angeles
8,2020,1,0,0,los angeles
9,2011,2,1,1,los angeles
9,2012,0,2,0,los angeles
9,2013,2,2,0,los angeles
9,2015,1,0,0,los angeles
9,2016,3,0,0,los angeles
9,2017,1,1,0,los angeles
9,2019,1,0,0,los angeles
10,2012,0,1,0,los angeles
10,2015,1,1,0,los angeles
10,2016,1,0,0,los angeles
10,2018,2,0,0,los angeles
10,2019,1,1,0,los angeles
11,2010,0,1,0,los angeles
11,2011,1,0,0,los angeles
11,2012,2,1,0,los angeles
11,2013,1,0,0,los angeles
11,2015,0,1,0,los angeles
11,2016,1,0,0,los angeles
11,2017,1,1,0,los angeles
12,2010,0,2,0,los angeles
12,2011,2,0,0,los angeles
12,2012,1,0,0,los angeles
12,2013,2,0,0,los angeles
12,2014,0,1,0,los angeles
12,2015,2,0,0,los angeles
12,2017,1,1,0,los angeles
1,2013,1,0,0,madera
1,2020,1,0,0,madera
2,2015,1,0,0,madera
2,2016,1,0,0,madera
3,2010,1,0,0,madera
3,2014,3,0,0,madera
3,2015,1,0,0,madera
5,2020,1,0,0,madera
6,2010,1,0,0,madera
6,2014,2,0,0,madera
6,2015,1,0,0,madera
6,2017,1,0,0,madera
6,2018,1,0,0,madera
7,2012,1,0,0,madera
7,2015,1,0,0,madera
8,2012,1,0,0,madera
9,2011,0,1,0,madera
9,2015,2,0,0,madera
9,2016,6,2,0,madera
10,2016,1,0,0,madera
10,2017,1,0,0,madera
10,2018,1,0,0,madera
11,2012,1,0,0,madera
11,2016,1,0,0,madera
12,2013,1,0,0,madera
12,2014,1,0,0,madera
12,2015,2,0,0,madera
3,2019,1,0,0,marin
7,2016,1,0,0,marin
7,2018,0,1,0,marin
1,2016,1,0,0,mariposa
1,2020,1,0,0,mariposa
2,2018,1,0,0,mariposa
3,2020,1,0,0,mariposa
7,2010,1,0,0,mariposa
8,2012,1,0,0,mariposa
8,2014,3,0,0,mariposa
9,2019,1,0,0,mariposa
10,2014,1,0,0,mariposa
10,2015,1,0,0,mariposa
11,2011,1,0,0,mariposa
11,2013,1,0,0,mariposa
12,2019,0,0,0,mariposa
1,2010,1,0,0,mendocino
1,2013,0,2,0,mendocino
1,2015,1,1,0,mendocino
1,2016,1,0,0,mendocino
1,2018,1,0,0,mendocino
1,2019,1,0,0,mendocino
1,2020,0,1,0,mendocino
2,2011,1,0,0,mendocino
2,2012,1,0,0,mendocino
2,2013,0,1,0,mendocino
2,2014,2,0,0,mendocino
2,2015,2,0,0,mendocino
2,2017,2,0,0,mendocino
2,2018,1,0,0,mendocino
2,2019,1,0,0,mendocino
2,2020,2,0,0,mendocino
3,2010,3,0,0,mendocino
3,2011,0,1,0,mendocino
3,2013,0,0,0,mendocino
3,2015,2,0,0,mendocino
3,2017,2,0,0,mendocino
3,2019,1,0,0,mendocino
3,2020,1,1,0,mendocino
4,2010,1,0,0,mendocino
4,2013,1,1,0,mendocino
4,2016,3,0,0,mendocino
4,2018,1,0,0,mendocino
4,2019,1,0,1,mendocino
4,2020,1,0,0,mendocino
5,2010,0,1,0,mendocino
5,2011,3,1,0,mendocino
5,2012,2,0,0,mendocino
5,2013,3,0,0,mendocino
5,2015,1,0,0,mendocino
5,2017,0,1,0,mendocino
5,2019,5,0,0,mendocino
6,2010,2,0,0,mendocino
6,2011,2,0,0,mendocino
6,2012,1,1,0,mendocino
6,2014,1,0,0,mendocino
6,2015,1,0,0,mendocino
6,2018,0,1,0,mendocino
6,2019,3,1,0,mendocino
6,2020,1,0,0,mendocino
7,2010,1,1,0,mendocino
7,2012,0,1,1,mendocino
7,2014,1,0,0,mendocino
7,2015,1,1,0,mendocino
7,2016,2,0,0,mendocino
7,2017,1,0,0,mendocino
7,2019,1,0,0,mendocino
7,2020,2,0,0,mendocino
8,2010,2,0,0,mendocino
8,2012,2,0,0,mendocino
8,2015,2,1,0,mendocino
8,2020,5,3,1,mendocino
9,2012,3,1,1,mendocino
9,2013,1,0,0,mendocino
9,2014,0,1,0,mendocino
9,2019,1,1,0,mendocino
10,2012,1,0,0,mendocino
10,2013,1,1,0,mendocino
10,2014,0,1,0,mendocino
10,2017,0,1,0,mendocino
10,2019,1,0,0,mendocino
11,2010,2,0,0,mendocino
11,2011,1,0,0,mendocino
11,2012,0,1,0,mendocino
11,2016,3,1,0,mendocino
11,2017,0,0,0,mendocino
11,2018,0,1,0,mendocino
11,2019,1,1,0,mendocino
12,2010,3,0,0,mendocino
12,2012,1,0,0,mendocino
12,2013,1,0,0,mendocino
12,2015,0,0,0,mendocino
12,2016,1,0,0,mendocino
12,2017,0,0,1,mendocino
12,2019,1,0,0,mendocino
2,2014,1,0,0,merced
2,2019,1,0,0,merced
3,2013,2,0,0,merced
3,2016,0,1,0,merced
3,2020,2,0,0,merced
6,2016,1,0,0,merced
7,2016,0,1,0,merced
8,2013,1,0,0,merced
10,2019,2,1,0,merced
11,2016,1,0,0,merced
3,2011,1,0,0,modoc
4,2016,1,0,0,modoc
7,2015,1,0,0,modoc
8,2011,0,1,0,modoc
9,2015,0,1,0,modoc
1,2010,1,0,0,mono
1,2011,1,0,0,mono
1,2012,5,0,0,mono
1,2013,1,0,0,mono
1,2014,2,0,0,mono
1,2015,1,1,0,mono
1,2016,1,0,0,mono
1,2017,2,1,0,mono
1,2018,2,0,0,mono
1,2019,3,1,0,mono
1,2020,1,0,0,mono
2,2011,2,0,0,mono
2,2012,2,0,0,mono
2,2013,2,0,0,mono
2,2014,1,0,0,mono
2,2015,3,0,0,mono
2,2016,7,2,0,mono
2,2018,2,0,0,mono
2,2019,3,0,0,mono
2,2020,1,0,1,mono
3,2010,2,0,0,mono
3,2011,1,0,0,mono
3,2012,1,0,0,mono
3,2013,0,2,0,mono
3,2014,2,0,0,mono
3,2015,4,0,0,mono
3,2016,1,0,0,mono
3,2017,1,0,0,mono
3,2018,2,0,0,mono
3,2019,1,0,0,mono
3,2020,2,0,0,mono
4,2010,1,1,0,mono
4,2011,3,0,0,mono
4,2012,2,0,0,mono
4,2013,1,1,0,mono
4,2014,1,0,0,mono
4,2015,2,0,0,mono
4,2016,3,0,0,mono
4,2017,7,0,0,mono
4,2018,1,1,0,mono
4,2019,1,0,0,mono
4,2020,59,19,2,mono
5,2010,4,3,0,mono
5,2011,4,0,0,mono
5,2012,1,0,0,mono
5,2014,3,1,0,mono
5,2015,7,0,0,mono
5,2017,1,0,0,mono
5,2018,1,0,0,mono
5,2019,1,0,0,mono
5,2020,10,7,1,mono
6,2010,3,0,0,mono
6,2012,0,1,0,mono
6,2013,4,0,0,mono
6,2015,0,1,0,mono
6,2017,5,0,0,mono
6,2018,1,0,0,mono
6,2019,4,0,0,mono
6,2020,13,2,0,mono
7,2010,4,2,0,mono
7,2011,1,0,0,mono
7,2012,2,0,0,mono
7,2013,2,0,0,mono
7,2014,4,0,0,mono
7,2015,2,0,0,mono
7,2017,17,2,0,mono
7,2018,2,0,0,mono
7,2019,3,1,0,mono
7,2020,8,4,0,mono
8,2010,4,1,0,mono
8,2011,2,1,1,mono
8,2012,0,0,0,mono
8,2013,1,0,0,mono
8,2014,1,0,0,mono
8,2015,1,1,0,mono
8,2016,12,4,0,mono
8,2017,12,1,0,mono
8,2018,5,0,0,mono
8,2019,3,0,0,mono
8,2020,3,1,0,mono
9,2010,4,0,0,mono
9,2011,3,1,0,mono
9,2012,1,0,0,mono
9,2014,26,4,0,mono
9,2015,6,1,0,mono
9,2016,0,1,0,mono
9,2017,6,1,0,mono
9,2018,1,0,0,mono
9,2019,16,0,0,mono
10,2010,6,1,1,mono
10,2011,2,1,0,mono
10,2012,3,0,0,mono
10,2013,3,3,0,mono
10,2014,13,3,0,mono
10,2015,1,0,0,mono
10,2016,1,1,0,mono
10,2017,5,0,0,mono
10,2018,1,0,0,mono
10,2019,3,0,0,mono
11,2010,2,0,0,mono
11,2011,4,3,0,mono
11,2012,1,0,0,mono
11,2013,3,0,0,mono
11,2014,8,0,0,mono
11,2015,4,0,0,mono
11,2016,4,0,0,mono
11,2017,11,2,0,mono
11,2019,6,2,0,mono
12,2011,4,0,0,mono
12,2013,3,0,0,mono
12,2014,7,2,0,mono
12,2015,2,0,0,mono
12,2016,8,1,0,mono
12,2017,1,4,0,mono
12,2018,1,0,0,mono
12,2019,3,1,0,mono
1,2011,1,0,0,monterey
1,2013,2,1,0,monterey
1,2016,0,1,0,monterey
1,2017,2,0,0,monterey
1,2019,4,0,0,monterey
1,2020,1,1,0,monterey
2,2010,0,1,0,monterey
2,2011,2,1,0,monterey
2,2012,2,0,0,monterey
2,2013,1,0,0,monterey
2,2014,1,2,0,monterey
2,2016,2,0,0,monterey
2,2018,1,0,0,monterey
2,2019,0,0,0,monterey
2,2020,1,0,0,monterey
3,2010,0,1,0,monterey
3,2012,1,0,0,monterey
3,2013,1,0,0,monterey
3,2014,0,2,0,monterey
3,2015,1,0,0,monterey
3,2016,1,0,0,monterey
3,2017,1,0,0,monterey
3,2018,3,0,0,monterey
3,2019,1,0,0,monterey
3,2020,1,0,0,monterey
4,2010,0,1,0,monterey
4,2011,1,1,0,monterey
4,2013,1,0,0,monterey
4,2015,1,0,0,monterey
4,2017,1,0,0,monterey
4,2018,1,1,0,monterey
4,2019,1,2,0,monterey
5,2012,1,0,0,monterey
5,2013,1,0,0,monterey
5,2014,1,0,0,monterey
5,2016,1,1,0,monterey
5,2020,3,1,0,monterey
6,2012,2,0,0,monterey
6,2013,1,0,0,monterey
6,2014,1,0,0,monterey
6,2015,1,0,0,monterey
6,2016,3,0,0,monterey
6,2018,1,0,0,monterey
6,2020,2,0,0,monterey
7,2011,1,0,0,monterey
7,2017,1,0,0,monterey
7,2019,0,1,0,monterey
7,2020,0,1,0,monterey
8,2010,1,2,0,monterey
8,2012,0,1,1,monterey
8,2013,1,1,0,monterey
8,2014,3,1,0,monterey
8,2016,1,0,0,monterey
8,2018,1,1,0,monterey
8,2020,1,1,0,monterey
9,2010,2,0,0,monterey
9,2013,1,0,0,monterey
9,2014,1,0,0,monterey
9,2015,2,0,0,monterey
9,2019,1,0,0,monterey
10,2012,2,0,0,monterey
10,2013,1,0,0,monterey
10,2015,1,1,0,monterey
10,2016,0,1,0,monterey
10,2017,1,0,0,monterey
10,2018,1,1,0,monterey
11,2011,1,0,0,monterey
11,2012,1,0,0,monterey
11,2013,3,1,0,monterey
11,2014,1,0,0,monterey
11,2016,2,0,0,monterey
11,2017,3,0,0,monterey
12,2012,1,1,0,monterey
12,2013,1,0,0,monterey
12,2014,1,0,0,monterey
12,2015,2,0,0,monterey
12,2016,1,0,0,monterey
12,2019,1,0,1,monterey
1,2011,2,0,0,napa
1,2015,1,0,0,napa
1,2016,1,0,0,napa
2,2014,1,0,0,napa
2,2015,1,0,0,napa
2,2016,1,0,0,napa
2,2017,1,1,0,napa
2,2019,0,1,0,napa
3,2015,1,0,0,napa
3,2019,1,0,0,napa
4,2012,1,0,0,napa
4,2014,0,1,0,napa
4,2016,1,0,0,napa
5,2013,1,0,0,napa
5,2015,1,0,0,napa
5,2016,1,0,0,napa
5,2017,1,0,0,napa
6,2013,1,0,0,napa
6,2015,1,0,0,napa
6,2019,1,0,0,napa
7,2014,1,0,0,napa
7,2016,1,0,0,napa
7,2017,1,1,0,napa
8,2012,1,0,0,napa
8,2014,8,6,1,napa
8,2020,1,0,0,napa
9,2011,0,1,0,napa
9,2014,5,0,0,napa
9,2015,1,0,0,napa
9,2017,2,0,0,napa
10,2012,1,0,0,napa
10,2014,2,0,0,napa
10,2016,1,0,0,napa
11,2014,1,0,0,napa
12,2013,0,1,0,napa
12,2014,1,0,0,napa
12,2016,1,0,0,napa
2,2018,1,0,0,nevada
4,2012,1,0,0,nevada
4,2015,1,1,0,nevada
5,2013,1,0,0,nevada
6,2018,1,0,0,nevada
6,2019,2,0,0,nevada
6,2020,1,0,0,nevada
7,2020,1,0,0,nevada
10,2010,0,0,0,nevada
10,2016,1,0,0,nevada
11,2011,1,0,0,nevada
11,2013,1,0,0,nevada
12,2011,0,0,0,nevada
12,2014,1,0,0,nevada
1,2014,0,1,0,orange
1,2015,1,0,0,orange
1,2019,0,1,0,orange
1,2020,2,1,0,orange
2,2011,2,0,0,orange
2,2017,1,0,0,orange
3,2014,13,6,1,orange
3,2016,1,1,0,orange
4,2010,2,0,0,orange
4,2012,0,1,0,orange
4,2014,3,0,0,orange
4,2019,0,1,0,orange
5,2012,1,0,0,orange
5,2015,0,0,0,orange
5,2016,1,0,0,orange
5,2017,1,0,0,orange
5,2019,1,0,0,orange
6,2012,0,1,0,orange
6,2016,1,0,0,orange
6,2018,1,0,0,orange
7,2018,1,0,0,orange
8,2011,2,0,0,orange
8,2012,2,1,3,orange
8,2016,1,0,0,orange
8,2018,1,0,0,orange
8,2020,0,1,0,orange
9,2011,0,1,0,orange
9,2013,1,0,0,orange
10,2013,3,0,0,orange
10,2014,4,0,0,orange
11,2016,1,0,0,orange
12,2014,1,0,0,orange
12,2015,2,1,0,orange
12,2017,1,0,0,orange
12,2019,1,1,0,orange
1,2011,1,0,0,placer
2,2020,1,0,0,placer
4,2014,1,0,0,placer
5,2016,1,0,0,placer
5,2017,1,0,0,placer
5,2020,3,0,0,placer
7,2011,1,0,0,placer
7,2018,0,1,0,placer
8,2010,1,0,0,placer
8,2012,1,0,0,placer
8,2013,1,0,0,placer
8,2018,1,1,0,placer
9,2010,1,0,0,placer
9,2014,0,1,0,placer
10,2014,1,0,0,placer
10,2019,0,0,0,placer
11,2018,1,0,0,placer
11,2019,1,0,0,placer
12,2010,0,1,0,placer
12,2014,1,0,0,placer
1,2011,0,1,0,plumas
1,2012,1,0,0,plumas
1,2015,2,0,0,plumas
1,2016,2,0,0,plumas
1,2019,2,1,0,plumas
2,2010,1,0,0,plumas
2,2013,1,0,0,plumas
2,2016,2,0,0,plumas
2,2018,0,1,0,plumas
2,2019,1,0,0,plumas
2,2020,1,0,0,plumas
3,2010,0,2,0,plumas
3,2013,1,0,0,plumas
3,2015,1,1,0,plumas
3,2017,2,0,0,plumas
3,2018,1,0,0,plumas
4,2011,0,1,0,plumas
4,2012,1,0,0,plumas
4,2013,1,0,0,plumas
4,2014,2,0,0,plumas
4,2016,4,0,0,plumas
5,2010,1,0,0,plumas
5,2012,1,0,0,plumas
5,2013,57,22,4,plumas
5,2014,3,1,0,plumas
5,2015,1,0,0,plumas
5,2020,0,0,0,plumas
6,2010,1,0,0,plumas
6,2012,1,0,0,plumas
6,2013,15,1,0,plumas
6,2014,1,0,0,plumas
6,2015,3,0,0,plumas
6,2018,1,0,0,plumas
7,2012,1,0,0,plumas
7,2013,4,2,0,plumas
7,2016,1,0,0,plumas
7,2018,2,0,0,plumas
7,2020,0,0,0,plumas
8,2010,0,1,0,plumas
8,2011,1,0,0,plumas
8,2012,1,0,0,plumas
8,2013,2,3,0,plumas
8,2015,1,0,0,plumas
8,2016,1,0,0,plumas
9,2010,1,0,0,plumas
9,2011,1,0,0,plumas
9,2013,4,0,0,plumas
9,2014,1,0,0,plumas
9,2019,1,0,0,plumas
10,2013,3,0,0,plumas
10,2015,1,0,0,plumas
10,2017,1,0,0,plumas
10,2019,1,0,0,plumas
11,2010,3,1,0,plumas
11,2013,6,0,0,plumas
11,2014,2,2,0,plumas
11,2015,1,0,0,plumas
11,2017,2,0,0,plumas
12,2011,1,0,0,plumas
12,2013,3,0,0,plumas
12,2015,1,0,0,plumas
12,2017,1,0,0,plumas
12,2018,4,0,0,plumas
1,2010,3,2,2,riverside
1,2011,1,1,0,riverside
1,2012,1,2,0,riverside
1,2013,1,0,0,riverside
1,2014,3,1,0,riverside
1,2015,1,0,0,riverside
1,2016,0,1,1,riverside
1,2017,2,0,0,riverside
1,2018,1,2,0,riverside
1,2019,3,1,0,riverside
1,2020,1,0,0,riverside
2,2010,9,0,0,riverside
2,2011,6,1,0,riverside
2,2012,2,0,0,riverside
2,2015,1,1,0,riverside
2,2016,1,1,0,riverside
2,2017,2,0,0,riverside
2,2018,7,2,0,riverside
2,2019,1,1,0,riverside
2,2020,2,1,0,riverside
3,2010,1,0,0,riverside
3,2011,5,0,0,riverside
3,2013,9,3,1,riverside
3,2014,1,0,0,riverside
3,2015,4,1,0,riverside
3,2016,1,0,0,riverside
3,2017,3,0,0,riverside
3,2018,2,0,0,riverside
3,2019,5,1,0,riverside
4,2010,5,0,0,riverside
4,2011,6,1,0,riverside
4,2012,19,4,0,riverside
4,2013,4,1,0,riverside
4,2014,4,1,0,riverside
4,2015,2,1,0,riverside
4,2016,2,0,0,riverside
4,2018,5,3,0,riverside
4,2019,3,0,0,riverside
4,2020,15,11,1,riverside
5,2010,3,1,0,riverside
5,2011,3,0,0,riverside
5,2012,4,1,0,riverside
5,2013,2,1,0,riverside
5,2014,2,0,0,riverside
5,2015,2,2,0,riverside
5,2016,1,0,0,riverside
5,2017,3,2,0,riverside
5,2018,12,3,1,riverside
5,2019,1,0,0,riverside
5,2020,4,2,0,riverside
6,2010,1,1,0,riverside
6,2011,0,2,0,riverside
6,2012,3,0,0,riverside
6,2013,3,1,0,riverside
6,2014,3,0,0,riverside
6,2015,2,1,0,riverside
6,2016,13,6,1,riverside
6,2017,2,4,0,riverside
6,2018,4,0,0,riverside
6,2019,5,1,0,riverside
6,2020,2,0,0,riverside
7,2010,6,2,0,riverside
7,2011,3,1,0,riverside
7,2012,1,1,0,riverside
7,2013,3,1,0,riverside
7,2014,2,2,0,riverside
7,2015,1,0,0,riverside
7,2016,1,0,0,riverside
7,2017,4,0,0,riverside
7,2018,4,0,0,riverside
7,2019,1,1,1,riverside
7,2020,3,0,0,riverside
8,2010,1,1,0,riverside
8,2011,2,0,0,riverside
8,2012,1,1,0,riverside
8,2013,1,1,0,riverside
8,2014,2,1,0,riverside
8,2015,3,0,0,riverside
8,2016,3,1,0,riverside
8,2017,2,2,0,riverside
8,2018,9,2,1,riverside
8,2019,2,1,0,riverside
8,2020,1,0,0,riverside
9,2010,5,0,0,riverside
9,2011,1,0,1,riverside
9,2012,4,0,0,riverside
9,2013,3,1,0,riverside
9,2014,2,2,0,riverside
9,2015,1,0,0,riverside
9,2016,0,1,0,riverside
9,2017,2,1,0,riverside
9,2018,7,3,0,riverside
9,2019,1,3,0,riverside
10,2011,1,1,0,riverside
10,2012,2,2,0,riverside
10,2013,3,0,0,riverside
10,2014,1,0,0,riverside
10,2015,2,0,0,riverside
10,2016,3,1,0,riverside
10,2017,6,0,0,riverside
10,2018,4,3,0,riverside
10,2019,4,0,0,riverside
11,2010,2,1,0,riverside
11,2011,0,0,0,riverside
11,2012,4,0,0,riverside
11,2013,2,0,0,riverside
11,2014,2,1,0,riverside
11,2015,0,0,0,riverside
11,2016,1,0,0,riverside
11,2017,3,2,0,riverside
11,2018,4,3,0,riverside
11,2019,1,4,0,riverside
12,2010,1,1,0,riverside
12,2011,1,1,0,riverside
12,2012,1,1,0,riverside
12,2013,0,1,0,riverside
12,2014,0,1,0,riverside
12,2015,0,0,0,riverside
12,2016,2,0,0,riverside
12,2017,3,1,0,riverside
12,2018,6,3,0,riverside
12,2019,2,0,0,riverside
6,2017,1,0,0,sacramento
11,2017,1,0,0,sacramento
1,2010,3,0,0,san benito
1,2011,8,4,1,san benito
1,2012,5,1,0,san benito
1,2013,8,2,0,san benito
1,2014,4,1,0,san benito
1,2015,5,0,1,san benito
1,2016,6,1,0,san benito
1,2017,5,2,0,san benito
1,2018,3,1,0,san benito
1,2019,1,0,0,san benito
1,2020,8,1,0,san benito
2,2010,5,2,0,san benito
2,2011,2,1,0,san benito
2,2012,7,0,0,san benito
2,2013,1,0,0,san benito
2,2014,2,0,0,san benito
2,2015,3,0,0,san benito
2,2016,5,0,0,san benito
2,2017,4,2,0,san benito
2,2018,4,0,0,san benito
2,2019,1,1,0,san benito
2,2020,3,1,0,san benito
3,2010,4,2,0,san benito
3,2011,8,2,0,san benito
3,2012,8,2,0,san benito
3,2013,4,0,0,san benito
3,2014,1,0,0,san benito
3,2015,1,0,0,san benito
3,2016,2,0,0,san benito
3,2017,12,3,0,san benito
3,2018,6,2,0,san benito
3,2019,2,0,0,san benito
3,2020,6,0,0,san benito
4,2010,1,1,0,san benito
4,2011,2,0,0,san benito
4,2012,4,2,0,san benito
4,2013,9,0,0,san benito
4,2014,4,1,0,san benito
4,2015,4,0,0,san benito
4,2016,2,0,0,san benito
4,2017,7,2,0,san benito
4,2018,4,1,0,san benito
4,2019,4,1,0,san benito
4,2020,4,1,0,san benito
5,2010,3,0,0,san benito
5,2011,6,0,0,san benito
5,2012,1,0,0,san benito
5,2013,4,0,0,san benito
5,2014,2,0,0,san benito
5,2015,7,1,0,san benito
5,2016,2,0,0,san benito
5,2017,1,1,0,san benito
5,2018,2,1,0,san benito
5,2019,1,0,0,san benito
5,2020,2,3,0,san benito
6,2010,5,1,0,san benito
6,2011,5,1,0,san benito
6,2012,3,0,0,san benito
6,2013,2,1,0,san benito
6,2014,5,0,0,san benito
6,2015,9,1,0,san benito
6,2016,0,0,0,san benito
6,2017,7,0,0,san benito
6,2018,2,0,0,san benito
6,2019,5,1,0,san benito
6,2020,1,1,0,san benito
7,2010,2,1,0,san benito
7,2011,9,2,0,san benito
7,2012,3,1,0,san benito
7,2013,6,2,0,san benito
7,2014,7,3,0,san benito
7,2015,2,0,0,san benito
7,2016,10,5,1,san benito
7,2017,3,0,0,san benito
7,2018,1,1,0,san benito
7,2019,2,1,0,san benito
7,2020,8,1,0,san benito
8,2010,2,1,0,san benito
8,2011,16,7,1,san benito
8,2012,2,0,0,san benito
8,2013,3,0,0,san benito
8,2014,10,2,0,san benito
8,2015,4,0,0,san benito
8,2016,3,4,0,san benito
8,2017,5,0,0,san benito
8,2018,4,0,0,san benito
8,2019,3,0,0,san benito
8,2020,2,0,0,san benito
9,2010,1,3,0,san benito
9,2011,6,1,0,san benito
9,2012,2,0,0,san benito
9,2013,3,0,0,san benito
9,2014,8,1,1,san benito
9,2015,3,0,0,san benito
9,2016,1,0,0,san benito
9,2017,2,1,0,san benito
9,2018,5,0,0,san benito
9,2019,6,3,0,san benito
10,2010,4,0,0,san benito
10,2011,1,0,0,san benito
10,2012,6,3,1,san benito
10,2013,7,1,0,san benito
10,2014,3,0,0,san benito
10,2015,2,0,0,san benito
10,2016,7,1,0,san benito
10,2017,9,2,0,san benito
10,2018,3,2,0,san benito
10,2019,9,5,1,san benito
11,2010,5,2,0,san benito
11,2011,5,0,0,san benito
11,2012,7,3,0,san benito
11,2013,7,0,0,san benito
11,2014,4,1,1,san benito
11,2015,3,1,0,san benito
11,2016,1,1,0,san benito
11,2017,17,2,1,san benito
11,2018,11,5,1,san benito
11,2019,1,1,0,san benito
12,2010,3,1,0,san benito
12,2011,8,0,0,san benito
12,2012,5,1,0,san benito
12,2013,5,0,0,san benito
12,2014,6,1,0,san benito
12,2015,4,0,0,san benito
12,2016,2,0,0,san benito
12,2017,15,5,0,san benito
12,2018,5,1,0,san benito
12,2019,4,0,0,san benito
1,2010,3,2,0,san bernardino
1,2011,5,0,0,san bernardino
1,2012,2,0,0,san bernardino
1,2013,2,0,0,san bernardino
1,2014,2,1,1,san bernardino
1,2015,3,0,0,san bernardino
1,2016,16,2,1,san bernardino
1,2017,4,0,0,san bernardino
1,2018,4,1,0,san bernardino
1,2019,2,2,0,san bernardino
1,2020,13,2,1,san bernardino
2,2010,12,5,1,san bernardino
2,2011,3,0,0,san bernardino
2,2013,3,1,0,san bernardino
2,2014,0,0,0,san bernardino
2,2015,1,0,0,san bernardino
2,2016,8,2,2,san bernardino
2,2017,0,2,0,san bernardino
2,2018,2,1,0,san bernardino
2,2019,9,3,0,san bernardino
2,2020,11,3,0,san bernardino
3,2010,1,0,0,san bernardino
3,2011,4,1,0,san bernardino
3,2012,2,1,0,san bernardino
3,2013,6,1,0,san bernardino
3,2014,3,0,0,san bernardino
3,2015,2,1,0,san bernardino
3,2016,6,0,0,san bernardino
3,2017,6,3,0,san bernardino
3,2018,4,0,0,san bernardino
3,2019,2,0,0,san bernardino
3,2020,8,1,0,san bernardino
4,2010,5,0,0,san bernardino
4,2011,5,0,0,san bernardino
4,2012,1,1,0,san bernardino
4,2013,1,1,0,san bernardino
4,2014,4,0,0,san bernardino
4,2015,3,0,0,san bernardino
4,2016,3,1,0,san bernardino
4,2017,2,2,0,san bernardino
4,2018,2,2,0,san bernardino
4,2019,1,1,0,san bernardino
4,2020,5,2,0,san bernardino
5,2010,5,0,0,san bernardino
5,2011,7,3,0,san bernardino
5,2012,3,3,0,san bernardino
5,2013,0,1,0,san bernardino
5,2014,2,1,0,san bernardino
5,2016,0,1,0,san bernardino
5,2017,3,1,0,san bernardino
5,2018,2,0,0,san bernardino
5,2019,4,0,0,san bernardino
5,2020,4,2,0,san bernardino
6,2010,8,3,0,san bernardino
6,2011,3,1,0,san bernardino
6,2012,4,1,0,san bernardino
6,2013,3,0,0,san bernardino
6,2014,2,2,0,san bernardino
6,2015,3,1,0,san bernardino
6,2016,3,4,0,san bernardino
6,2017,1,0,0,san bernardino
6,2018,2,3,0,san bernardino
6,2019,11,4,0,san bernardino
6,2020,11,7,2,san bernardino
7,2010,6,0,0,san bernardino
7,2011,2,0,0,san bernardino
7,2012,4,4,0,san bernardino
7,2013,1,0,0,san bernardino
7,2014,10,2,1,san bernardino
7,2015,2,1,0,san bernardino
7,2016,7,0,0,san bernardino
7,2017,1,1,0,san bernardino
7,2018,0,2,0,san bernardino
7,2019,612,379,38,san bernardino
7,2020,4,0,0,san bernardino
8,2010,1,1,0,san bernardino
8,2011,1,0,0,san bernardino
8,2012,3,1,0,san bernardino
8,2013,5,0,0,san bernardino
8,2014,4,2,0,san bernardino
8,2015,0,1,0,san bernardino
8,2016,1,1,0,san bernardino
8,2017,2,2,0,san bernardino
8,2018,3,1,0,san bernardino
8,2019,59,12,0,san bernardino
8,2020,4,1,0,san bernardino
9,2010,7,2,0,san bernardino
9,2011,3,1,0,san bernardino
9,2012,1,0,0,san bernardino
9,2013,1,1,0,san bernardino
9,2014,3,0,0,san bernardino
9,2015,4,1,0,san bernardino
9,2016,1,1,0,san bernardino
9,2017,2,0,0,san bernardino
9,2018,2,1,0,san bernardino
9,2019,22,5,0,san bernardino
10,2010,1,1,0,san bernardino
10,2011,2,3,0,san bernardino
10,2012,3,0,0,san bernardino
10,2013,4,1,1,san bernardino
10,2014,1,3,0,san bernardino
10,2015,3,2,0,san bernardino
10,2017,3,0,0,san bernardino
10,2019,22,4,0,san bernardino
11,2010,5,0,0,san bernardino
11,2011,1,0,0,san bernardino
11,2012,7,1,0,san bernardino
11,2013,1,1,0,san bernardino
11,2014,1,0,0,san bernardino
11,2015,6,1,0,san bernardino
11,2016,1,0,0,san bernardino
11,2017,3,0,0,san bernardino
11,2018,1,0,0,san bernardino
11,2019,18,9,0,san bernardino
12,2010,1,0,0,san bernardino
12,2011,2,1,0,san bernardino
12,2013,2,0,0,san bernardino
12,2014,3,1,0,san bernardino
12,2015,5,4,2,san bernardino
12,2016,5,1,0,san bernardino
12,2017,3,1,0,san bernardino
12,2018,1,2,1,san bernardino
12,2019,11,11,0,san bernardino
1,2010,1,1,0,san diego
1,2011,2,1,0,san diego
1,2013,4,0,0,san diego
1,2015,1,2,0,san diego
1,2019,2,0,0,san diego
2,2010,2,0,0,san diego
2,2011,3,0,0,san diego
2,2012,2,0,0,san diego
2,2013,0,1,0,san diego
2,2014,2,0,0,san diego
2,2015,1,1,0,san diego
2,2017,1,0,0,san diego
2,2018,1,0,0,san diego
2,2019,3,1,0,san diego
2,2020,3,0,0,san diego
3,2010,1,1,1,san diego
3,2011,1,1,0,san diego
3,2012,1,4,0,san diego
3,2013,1,0,0,san diego
3,2014,4,1,0,san diego
3,2016,2,0,0,san diego
3,2017,2,1,0,san diego
3,2018,2,0,0,san diego
3,2019,3,0,0,san diego
3,2020,1,0,0,san diego
4,2010,8,7,0,san diego
4,2011,2,1,0,san diego
4,2012,5,1,0,san diego
4,2013,1,0,0,san diego
4,2014,2,0,0,san diego
4,2016,2,0,0,san diego
4,2017,1,1,0,san diego
4,2018,3,1,0,san diego
4,2019,2,1,0,san diego
5,2010,4,1,0,san diego
5,2011,1,0,0,san diego
5,2012,0,1,0,san diego
5,2013,2,0,0,san diego
5,2015,1,1,0,san diego
5,2016,1,0,0,san diego
5,2017,1,0,0,san diego
5,2019,4,0,0,san diego
6,2010,5,1,2,san diego
6,2011,2,1,0,san diego
6,2012,1,0,0,san diego
6,2013,2,0,0,san diego
6,2014,3,0,0,san diego
6,2015,2,0,0,san diego
6,2017,1,0,0,san diego
6,2019,1,0,0,san diego
6,2020,4,0,0,san diego
7,2010,11,1,1,san diego
7,2011,2,1,1,san diego
7,2012,1,1,0,san diego
7,2013,1,0,0,san diego
7,2014,0,1,0,san diego
7,2016,0,1,0,san diego
7,2017,2,0,0,san diego
7,2018,1,0,0,san diego
7,2019,1,2,0,san diego
7,2020,0,2,0,san diego
8,2010,1,1,0,san diego
8,2011,1,0,0,san diego
8,2013,3,3,0,san diego
8,2016,3,2,0,san diego
8,2019,1,0,0,san diego
9,2010,4,0,0,san diego
9,2013,1,5,0,san diego
9,2014,2,0,0,san diego
9,2015,1,0,0,san diego
9,2017,1,0,0,san diego
9,2018,2,0,0,san diego
9,2019,0,1,0,san diego
10,2010,2,2,0,san diego
10,2011,3,0,0,san diego
10,2012,2,0,2,san diego
10,2013,1,0,0,san diego
10,2015,3,1,0,san diego
10,2016,1,1,0,san diego
10,2017,1,1,0,san diego
10,2018,1,0,0,san diego
10,2019,3,1,0,san diego
11,2010,3,2,0,san diego
11,2011,4,3,0,san diego
11,2012,4,1,0,san diego
11,2013,0,2,0,san diego
11,2015,1,0,0,san diego
11,2017,2,0,0,san diego
11,2018,1,0,0,san diego
12,2010,3,4,0,san diego
12,2011,2,0,0,san diego
12,2012,1,0,0,san diego
12,2013,1,1,0,san diego
12,2014,1,0,0,san diego
12,2015,1,1,0,san diego
12,2016,1,2,0,san diego
12,2017,3,3,0,san diego
12,2018,5,0,0,san diego
12,2019,4,0,0,san diego
1,2015,1,0,0,san francisco
3,2013,1,1,0,san francisco
6,2010,0,1,0,san francisco
6,2012,1,0,0,san francisco
8,2011,1,0,0,san francisco
9,2019,2,0,0,san francisco
1,2018,1,0,0,san joaquin
10,2010,0,1,0,san joaquin
10,2012,1,0,0,san joaquin
1,2010,0,0,0,san luis obispo
1,2011,2,0,0,san luis obispo
1,2012,1,0,0,san luis obispo
1,2014,1,0,0,san luis obispo
1,2015,1,0,0,san luis obispo
1,2016,1,1,0,san luis obispo
1,2017,0,0,0,san luis obispo
1,2018,3,0,0,san luis obispo
1,2020,1,0,0,san luis obispo
2,2010,2,2,0,san luis obispo
2,2011,1,0,0,san luis obispo
2,2012,2,0,0,san luis obispo
2,2013,0,0,0,san luis obispo
2,2016,0,1,0,san luis obispo
2,2017,1,0,0,san luis obispo
2,2018,1,0,0,san luis obispo
3,2011,1,0,0,san luis obispo
3,2012,1,0,0,san luis obispo
3,2013,2,1,0,san luis obispo
3,2014,0,1,0,san luis obispo
3,2016,1,0,0,san luis obispo
3,2018,0,1,0,san luis obispo
3,2019,1,0,0,san luis obispo
4,2010,1,0,0,san luis obispo
4,2012,2,0,0,san luis obispo
4,2013,2,0,0,san luis obispo
4,2014,1,0,0,san luis obispo
4,2015,0,1,0,san luis obispo
4,2016,3,0,0,san luis obispo
4,2017,2,0,0,san luis obispo
4,2018,2,0,0,san luis obispo
4,2020,1,0,0,san luis obispo
5,2010,1,1,0,san luis obispo
5,2011,2,0,0,san luis obispo
5,2012,1,0,0,san luis obispo
5,2014,2,0,0,san luis obispo
5,2015,0,1,0,san luis obispo
5,2016,1,0,0,san luis obispo
5,2019,1,1,0,san luis obispo
6,2010,0,2,0,san luis obispo
6,2011,3,0,0,san luis obispo
6,2014,2,1,0,san luis obispo
6,2018,1,0,0,san luis obispo
7,2012,1,0,0,san luis obispo
7,2013,3,0,0,san luis obispo
7,2014,3,0,0,san luis obispo
7,2015,1,0,0,san luis obispo
7,2016,1,1,0,san luis obispo
7,2020,1,0,0,san luis obispo
8,2011,2,1,0,san luis obispo
8,2016,2,0,0,san luis obispo
8,2017,0,0,0,san luis obispo
8,2019,2,0,0,san luis obispo
8,2020,1,0,0,san luis obispo
9,2011,0,1,0,san luis obispo
9,2014,1,0,0,san luis obispo
9,2015,1,0,0,san luis obispo
9,2018,1,0,0,san luis obispo
10,2010,1,0,0,san luis obispo
10,2011,1,0,0,san luis obispo
10,2012,1,0,0,san luis obispo
10,2014,1,0,0,san luis obispo
10,2015,1,0,0,san luis obispo
10,2016,1,0,0,san luis obispo
10,2017,1,0,0,san luis obispo
11,2010,4,1,0,san luis obispo
11,2011,1,0,0,san luis obispo
11,2014,1,0,0,san luis obispo
11,2017,2,0,0,san luis obispo
11,2018,1,0,0,san luis obispo
12,2012,0,1,0,san luis obispo
12,2013,1,0,0,san luis obispo
12,2016,1,1,0,san luis obispo
12,2018,1,0,0,san luis obispo
1,2013,1,0,0,san mateo
1,2019,1,0,0,san mateo
1,2020,1,0,0,san mateo
2,2015,1,0,0,san mateo
2,2016,1,0,0,san mateo
3,2012,1,0,0,san mateo
3,2019,1,0,0,san mateo
4,2010,1,0,0,san mateo
4,2011,0,1,0,san mateo
4,2017,1,0,0,san mateo
4,2019,2,0,0,san mateo
5,2012,1,0,0,san mateo
5,2017,1,0,0,san mateo
6,2013,1,0,0,san mateo
6,2020,1,0,0,san mateo
7,2010,0,1,0,san mateo
7,2012,4,0,0,san mateo
8,2013,1,0,0,san mateo
9,2014,1,0,0,san mateo
10,2019,0,1,0,san mateo
11,2013,1,0,0,san mateo
11,2016,1,0,0,san mateo
12,2012,2,0,0,san mateo
12,2013,2,0,0,san mateo
1,2012,1,0,0,santa barbara
1,2013,0,1,0,santa barbara
1,2018,0,1,0,santa barbara
3,2010,1,0,0,santa barbara
3,2014,1,0,0,santa barbara
3,2016,2,0,0,santa barbara
3,2020,2,0,0,santa barbara
4,2011,1,0,0,santa barbara
4,2017,0,2,0,santa barbara
4,2018,2,0,0,santa barbara
5,2011,0,1,0,santa barbara
5,2013,3,1,1,santa barbara
5,2014,1,0,0,santa barbara
5,2015,2,0,0,santa barbara
5,2017,0,0,0,santa barbara
5,2019,1,0,0,santa barbara
6,2011,1,0,0,santa barbara
6,2013,1,0,0,santa barbara
6,2014,2,0,0,santa barbara
6,2020,2,0,0,santa barbara
7,2016,0,1,0,santa barbara
7,2020,1,0,0,santa barbara
8,2010,0,2,0,santa barbara
8,2013,1,0,0,santa barbara
8,2016,1,0,0,santa barbara
9,2016,2,0,0,santa barbara
9,2017,1,0,0,santa barbara
9,2018,1,0,0,santa barbara
10,2016,0,1,0,santa barbara
10,2017,0,0,0,santa barbara
10,2018,1,0,0,santa barbara
11,2011,1,0,0,santa barbara
11,2012,0,0,0,santa barbara
11,2017,1,0,0,santa barbara
11,2019,1,0,0,santa barbara
12,2016,0,1,0,santa barbara
12,2018,0,1,0,santa barbara
1,2010,3,1,0,santa clara
1,2011,4,0,1,santa clara
1,2012,1,0,0,santa clara
1,2013,2,0,0,santa clara
1,2014,1,0,0,santa clara
1,2016,1,0,0,santa clara
1,2018,5,0,0,santa clara
1,2020,2,1,0,santa clara
2,2010,1,0,0,santa clara
2,2011,2,0,0,santa clara
2,2013,0,1,0,santa clara
2,2014,1,0,0,santa clara
2,2017,2,1,0,santa clara
2,2019,3,0,0,santa clara
3,2010,3,2,0,santa clara
3,2011,2,0,0,santa clara
3,2012,1,0,0,santa clara
3,2015,3,0,0,santa clara
3,2016,2,0,0,santa clara
3,2017,1,0,0,santa clara
3,2018,3,1,0,santa clara
3,2019,2,0,0,santa clara
3,2020,1,0,0,santa clara
4,2010,1,0,0,santa clara
4,2011,1,0,0,santa clara
4,2012,2,0,0,santa clara
4,2013,0,1,0,santa clara
4,2014,1,0,0,santa clara
4,2015,2,0,0,santa clara
4,2016,2,0,0,santa clara
4,2017,2,0,0,santa clara
4,2018,0,1,0,santa clara
4,2019,1,1,0,santa clara
5,2010,1,0,0,santa clara
5,2011,0,1,0,santa clara
5,2013,1,1,0,santa clara
5,2014,1,0,0,santa clara
5,2016,2,0,0,santa clara
5,2017,1,0,0,santa clara
5,2018,1,1,0,santa clara
5,2019,2,0,0,santa clara
6,2010,2,0,0,santa clara
6,2011,1,0,0,santa clara
6,2012,2,2,0,santa clara
6,2018,2,0,0,santa clara
6,2020,0,1,0,santa clara
7,2010,1,0,0,santa clara
7,2012,2,0,0,santa clara
7,2013,1,1,0,santa clara
7,2015,1,1,0,santa clara
7,2017,1,0,0,santa clara
7,2018,0,0,0,santa clara
7,2019,1,1,0,santa clara
7,2020,1,0,0,santa clara
8,2013,2,0,0,santa clara
8,2014,3,0,0,santa clara
8,2015,1,0,0,santa clara
8,2017,3,0,0,santa clara
8,2019,3,0,0,santa clara
8,2020,1,0,0,santa clara
9,2010,1,0,0,santa clara
9,2013,1,0,0,santa clara
9,2014,1,1,0,santa clara
9,2015,1,0,0,santa clara
9,2016,0,1,0,santa clara
9,2017,5,2,0,santa clara
9,2018,2,1,0,santa clara
10,2010,2,0,0,santa clara
10,2011,1,0,0,santa clara
10,2012,0,1,0,santa clara
10,2013,1,0,0,santa clara
10,2014,3,0,0,santa clara
10,2016,1,0,0,santa clara
10,2017,2,1,0,santa clara
10,2018,4,0,0,santa clara
10,2019,4,1,0,santa clara
11,2010,1,1,0,santa clara
11,2011,3,0,0,santa clara
11,2013,2,0,0,santa clara
11,2014,2,0,0,santa clara
11,2015,3,0,0,santa clara
11,2017,1,0,0,santa clara
11,2018,1,0,0,santa clara
11,2019,1,0,0,santa clara
12,2010,2,0,0,santa clara
12,2011,1,0,0,santa clara
12,2013,0,1,0,santa clara
12,2014,1,1,0,santa clara
12,2017,0,2,0,santa clara
12,2019,1,0,0,santa clara
1,2012,0,2,0,santa cruz
1,2018,2,1,0,santa cruz
3,2014,1,0,0,santa cruz
3,2017,1,0,0,santa cruz
4,2019,1,0,0,santa cruz
6,2016,0,1,0,santa cruz
6,2020,0,1,0,santa cruz
7,2017,1,0,0,santa cruz
8,2010,0,1,0,santa cruz
8,2020,1,0,0,santa cruz
10,2016,1,0,0,santa cruz
12,2018,1,0,0,santa cruz
1,2012,0,1,0,shasta
1,2013,1,0,0,shasta
1,2017,1,0,0,shasta
2,2011,1,0,0,shasta
2,2016,0,1,0,shasta
2,2017,1,0,0,shasta
2,2018,3,0,0,shasta
2,2019,1,0,0,shasta
3,2014,2,0,0,shasta
3,2017,1,0,0,shasta
3,2018,1,0,0,shasta
3,2019,1,0,0,shasta
4,2013,1,0,0,shasta
4,2014,1,0,0,shasta
4,2017,1,0,0,shasta
4,2018,2,0,0,shasta
4,2019,1,0,0,shasta
5,2010,2,0,0,shasta
5,2012,1,0,0,shasta
5,2014,1,0,0,shasta
5,2015,0,1,0,shasta
5,2018,2,0,0,shasta
6,2010,1,0,0,shasta
6,2014,2,0,0,shasta
6,2015,1,0,0,shasta
7,2013,1,0,0,shasta
7,2017,1,0,0,shasta
7,2018,1,0,0,shasta
7,2019,1,0,0,shasta
8,2012,1,0,0,shasta
8,2013,1,0,0,shasta
8,2017,1,0,0,shasta
8,2019,1,0,0,shasta
9,2010,1,0,0,shasta
9,2012,1,0,0,shasta
9,2013,1,0,0,shasta
9,2017,0,1,0,shasta
10,2012,1,0,0,shasta
10,2013,1,0,0,shasta
10,2016,3,0,0,shasta
11,2010,2,2,0,shasta
12,2010,2,0,0,shasta
12,2013,1,0,0,shasta
12,2017,1,0,0,shasta
2,2020,1,0,0,sierra
3,2013,2,0,0,sierra
3,2019,2,0,0,sierra
3,2020,1,1,0,sierra
6,2017,5,3,0,sierra
7,2015,1,1,0,sierra
7,2018,2,0,0,sierra
10,2011,2,1,1,sierra
2,2017,1,0,0,siskiyou
4,2018,1,0,0,siskiyou
4,2019,1,0,0,siskiyou
5,2012,1,0,0,siskiyou
5,2015,1,0,0,siskiyou
5,2017,1,0,0,siskiyou
6,2013,1,1,0,siskiyou
9,2016,1,0,0,siskiyou
9,2019,1,0,0,siskiyou
10,2012,1,0,0,siskiyou
10,2018,1,0,0,siskiyou
12,2012,1,0,0,siskiyou
1,2013,1,0,0,solano
1,2014,1,0,0,solano
1,2015,1,0,0,solano
1,2016,3,0,0,solano
2,2012,0,2,0,solano
3,2010,1,0,0,solano
3,2016,1,0,0,solano
3,2018,1,0,0,solano
3,2019,1,0,0,solano
6,2013,1,0,0,solano
7,2016,2,0,0,solano
8,2013,1,0,0,solano
8,2016,1,0,0,solano
8,2018,2,0,0,solano
9,2018,2,1,0,solano
10,2012,0,1,0,solano
11,2011,1,0,0,solano
11,2015,1,0,0,solano
11,2018,1,0,0,solano
1,2010,9,1,0,sonoma
1,2011,4,0,0,sonoma
1,2012,8,3,0,sonoma
1,2013,8,0,0,sonoma
1,2014,4,1,1,sonoma
1,2015,3,0,0,sonoma
1,2016,2,1,0,sonoma
1,2017,3,1,0,sonoma
1,2018,3,0,0,sonoma
1,2020,2,0,0,sonoma
2,2010,5,0,0,sonoma
2,2011,2,1,0,sonoma
2,2012,4,0,0,sonoma
2,2013,6,0,0,sonoma
2,2014,1,0,0,sonoma
2,2015,6,0,0,sonoma
2,2016,8,0,0,sonoma
2,2017,2,1,0,sonoma
2,2018,3,1,0,sonoma
2,2019,4,0,0,sonoma
2,2020,4,1,0,sonoma
3,2010,7,1,0,sonoma
3,2011,8,1,1,sonoma
3,2012,8,0,0,sonoma
3,2013,7,3,1,sonoma
3,2014,3,0,0,sonoma
3,2015,4,1,0,sonoma
3,2016,11,0,0,sonoma
3,2017,1,1,0,sonoma
3,2018,3,0,0,sonoma
3,2019,9,0,0,sonoma
3,2020,4,0,0,sonoma
4,2010,3,3,0,sonoma
4,2011,2,3,0,sonoma
4,2012,8,0,0,sonoma
4,2013,4,1,0,sonoma
4,2014,5,0,0,sonoma
4,2015,5,0,0,sonoma
4,2016,3,1,0,sonoma
4,2017,2,1,0,sonoma
4,2018,2,0,0,sonoma
4,2019,5,0,1,sonoma
4,2020,2,0,0,sonoma
5,2010,4,0,0,sonoma
5,2011,2,3,0,sonoma
5,2012,5,2,1,sonoma
5,2013,3,0,0,sonoma
5,2014,1,1,0,sonoma
5,2015,3,0,0,sonoma
5,2016,4,2,0,sonoma
5,2017,4,0,0,sonoma
5,2018,4,1,1,sonoma
5,2019,9,1,0,sonoma
6,2010,2,3,0,sonoma
6,2011,5,2,0,sonoma
6,2012,6,0,0,sonoma
6,2013,1,1,0,sonoma
6,2014,5,0,0,sonoma
6,2015,5,0,0,sonoma
6,2016,4,1,0,sonoma
6,2017,1,1,0,sonoma
6,2018,3,1,0,sonoma
6,2019,3,1,0,sonoma
6,2020,6,1,0,sonoma
7,2010,3,5,0,sonoma
7,2011,2,1,0,sonoma
7,2012,2,1,0,sonoma
7,2013,2,4,0,sonoma
7,2014,1,0,0,sonoma
7,2015,4,1,0,sonoma
7,2016,2,1,0,sonoma
7,2017,1,0,0,sonoma
7,2018,3,1,0,sonoma
7,2019,1,2,0,sonoma
7,2020,0,1,0,sonoma
8,2010,1,1,0,sonoma
8,2011,5,0,0,sonoma
8,2012,2,0,0,sonoma
8,2013,8,0,0,sonoma
8,2014,4,1,0,sonoma
8,2015,2,0,0,sonoma
8,2016,2,1,0,sonoma
8,2017,3,2,0,sonoma
8,2018,4,1,0,sonoma
8,2019,1,0,0,sonoma
8,2020,4,1,0,sonoma
9,2010,3,0,0,sonoma
9,2011,7,1,0,sonoma
9,2012,3,1,0,sonoma
9,2014,1,0,0,sonoma
9,2015,5,0,0,sonoma
9,2016,5,0,0,sonoma
9,2017,6,0,0,sonoma
9,2018,1,1,0,sonoma
9,2019,7,0,0,sonoma
10,2010,3,0,0,sonoma
10,2011,3,0,0,sonoma
10,2012,4,0,0,sonoma
10,2013,7,2,0,sonoma
10,2014,0,1,0,sonoma
10,2015,3,1,0,sonoma
10,2016,1,2,0,sonoma
10,2017,6,0,0,sonoma
10,2018,0,1,0,sonoma
10,2019,2,2,0,sonoma
11,2010,5,0,0,sonoma
11,2011,8,0,0,sonoma
11,2012,6,1,0,sonoma
11,2013,4,1,0,sonoma
11,2014,3,1,0,sonoma
11,2015,3,0,0,sonoma
11,2016,3,0,0,sonoma
11,2017,2,0,0,sonoma
11,2019,4,2,1,sonoma
12,2010,3,2,0,sonoma
12,2011,4,1,0,sonoma
12,2012,4,1,0,sonoma
12,2013,5,1,0,sonoma
12,2014,4,0,0,sonoma
12,2015,3,0,0,sonoma
12,2016,2,0,1,sonoma
12,2017,1,0,0,sonoma
12,2018,1,1,0,sonoma
12,2019,2,0,0,sonoma
2,2010,1,0,0,stanislaus
10,2011,1,0,0,stanislaus
11,2015,1,0,0,stanislaus
1,2010,1,0,0,sutter
1,2016,1,0,0,sutter
1,2018,1,0,0,sutter
1,2020,1,0,0,sutter
2,2013,1,0,0,sutter
2,2015,2,0,0,sutter
2,2017,2,0,0,sutter
2,2018,1,0,0,sutter
3,2010,1,0,0,sutter
3,2014,1,0,0,sutter
3,2017,1,0,0,sutter
4,2010,1,0,0,sutter
4,2013,1,0,0,sutter
4,2015,1,0,0,sutter
4,2016,1,0,0,sutter
5,2012,1,0,0,sutter
5,2015,1,0,0,sutter
5,2016,2,0,0,sutter
6,2018,1,0,0,sutter
6,2019,2,0,0,sutter
6,2020,1,0,0,sutter
7,2011,1,0,0,sutter
7,2013,2,0,0,sutter
7,2016,1,0,0,sutter
8,2012,1,0,0,sutter
8,2013,1,0,0,sutter
8,2015,1,0,0,sutter
8,2016,0,1,0,sutter
8,2017,3,0,0,sutter
8,2019,1,0,0,sutter
9,2014,1,0,0,sutter
9,2015,3,0,0,sutter
9,2018,1,0,0,sutter
9,2019,1,0,0,sutter
10,2011,1,0,0,sutter
11,2010,1,0,0,sutter
11,2011,1,0,0,sutter
11,2014,5,0,0,sutter
11,2017,1,0,0,sutter
11,2018,1,0,0,sutter
11,2019,2,0,0,sutter
12,2015,1,0,0,sutter
12,2017,1,1,0,sutter
12,2018,1,0,0,sutter
1,2013,1,0,0,tehama
1,2017,2,0,0,tehama
1,2019,0,1,0,tehama
1,2020,1,0,0,tehama
2,2010,0,1,0,tehama
2,2016,1,0,0,tehama
2,2019,1,0,0,tehama
3,2010,1,0,0,tehama
3,2013,1,0,0,tehama
3,2014,2,0,0,tehama
3,2015,1,0,0,tehama
3,2016,1,0,0,tehama
3,2019,1,0,0,tehama
4,2011,1,0,0,tehama
4,2016,1,0,0,tehama
5,2013,1,0,0,tehama
5,2014,1,0,0,tehama
5,2019,1,0,0,tehama
5,2020,1,0,0,tehama
6,2012,1,1,0,tehama
6,2014,1,0,0,tehama
6,2017,1,0,0,tehama
6,2018,2,0,0,tehama
7,2017,1,1,0,tehama
7,2020,1,0,0,tehama
8,2012,1,0,0,tehama
8,2014,1,0,0,tehama
8,2016,0,0,1,tehama
8,2017,0,0,0,tehama
8,2018,1,0,0,tehama
8,2019,2,0,0,tehama
9,2011,2,0,0,tehama
9,2013,0,1,0,tehama
9,2015,1,0,0,tehama
10,2013,0,1,0,tehama
10,2014,0,0,0,tehama
10,2017,1,0,0,tehama
10,2018,2,0,0,tehama
10,2019,1,0,0,tehama
11,2010,1,0,0,tehama
11,2012,1,0,0,tehama
12,2017,1,1,0,tehama
12,2019,2,0,0,tehama
1,2012,3,0,0,tulare
1,2017,1,0,0,tulare
1,2018,1,0,0,tulare
2,2011,0,1,0,tulare
2,2012,2,0,0,tulare
2,2013,1,0,0,tulare
2,2020,2,1,0,tulare
3,2017,0,1,0,tulare
4,2010,1,0,0,tulare
4,2014,1,0,0,tulare
4,2015,1,0,0,tulare
5,2019,3,0,0,tulare
6,2014,2,1,0,tulare
6,2016,1,0,0,tulare
7,2012,1,0,0,tulare
7,2014,1,0,0,tulare
7,2015,1,0,0,tulare
7,2019,0,1,0,tulare
8,2011,1,0,0,tulare
8,2012,2,4,0,tulare
8,2013,1,0,0,tulare
8,2015,2,0,0,tulare
8,2019,2,1,0,tulare
9,2012,5,0,0,tulare
9,2014,1,1,0,tulare
10,2012,1,1,0,tulare
10,2013,1,1,0,tulare
10,2014,2,0,0,tulare
11,2010,1,0,0,tulare
11,2011,0,1,0,tulare
11,2015,1,0,0,tulare
11,2018,0,1,0,tulare
12,2011,2,0,0,tulare
12,2012,1,1,0,tulare
12,2013,0,1,0,tulare
12,2017,3,0,0,tulare
7,2012,1,0,0,tuolumne
1,2012,2,0,1,ventura
1,2013,1,0,0,ventura
1,2018,1,0,0,ventura
2,2010,1,0,0,ventura
2,2011,0,1,0,ventura
2,2012,1,0,0,ventura
2,2018,1,0,0,ventura
3,2015,2,0,0,ventura
3,2016,1,1,1,ventura
3,2018,1,0,0,ventura
4,2010,2,0,0,ventura
4,2011,2,0,0,ventura
4,2016,1,0,0,ventura
4,2020,0,1,0,ventura
5,2010,0,1,0,ventura
5,2012,2,0,0,ventura
5,2013,3,1,0,ventura
5,2017,0,1,0,ventura
6,2010,1,0,0,ventura
6,2011,0,1,0,ventura
6,2012,2,0,0,ventura
6,2015,2,0,0,ventura
6,2019,0,1,0,ventura
6,2020,0,1,0,ventura
7,2010,1,0,0,ventura
7,2015,5,0,0,ventura
8,2012,3,0,0,ventura
8,2014,2,0,0,ventura
8,2020,3,0,0,ventura
9,2011,1,0,0,ventura
9,2012,1,0,0,ventura
9,2014,1,1,0,ventura
9,2015,1,0,0,ventura
9,2017,1,0,0,ventura
9,2018,1,0,0,ventura
10,2018,1,0,0,ventura
11,2016,0,1,0,ventura
11,2019,8,5,0,ventura
12,2012,3,0,0,ventura
12,2018,2,0,0,ventura
3,2012,1,0,0,yolo
3,2017,1,0,0,yolo
5,2017,1,0,0,yolo
6,2017,1,0,0,yolo
8,2010,1,0,0,yolo
11,2016,5,0,0,yolo
12,2016,1,0,0,yolo
NA,NA,NA,NA,NA,yuba
