city,county,month,year,quakes_minor,quakes_moderate,quakes_severe
Adelanto,San Bernardino County,1,2019,1,0,0
Adelanto,San Bernardino County,4,2016,0,1,0
Aguanga,Riverside County,4,2014,1,0,0
Alamo,Contra Costa County,1,2011,1,0,0
Alamo,Contra Costa County,1,2017,1,0,0
Alamo,Contra Costa County,2,2018,3,0,0
Alamo,Contra Costa County,4,2018,0,1,0
Alamo,Contra Costa County,5,2018,2,0,0
Alamo,Contra Costa County,6,2011,1,0,0
Alamo,Contra Costa County,8,2013,1,0,0
Alum Rock,Santa Clara County,3,2020,1,0,0
Alum Rock,Santa Clara County,11,2015,1,0,0
Anaheim,Orange County,2,2011,1,0,0
Anaheim,Orange County,4,2019,0,1,0
Anaheim,Orange County,12,2014,1,0,0
Anaheim,Orange County,12,2015,1,0,0
Anza,Riverside County,4,2014,1,0,0
Anza,Riverside County,6,2016,1,0,0
Anza,Riverside County,10,2015,1,0,0
Aromas,San Benito County,4,2012,0,1,0
Aromas,San Benito County,4,2020,1,0,0
Aromas,San Benito County,5,2020,0,1,0
Aromas,San Benito County,6,2012,1,0,0
Aromas,San Benito County,8,2011,1,0,0
Avenal,Kings County,1,2018,1,0,0
Avenal,Kings County,6,2013,1,0,0
Avenal,Kings County,8,2013,2,0,0
Avenal,Kings County,9,2016,1,1,0
Avenal,Kings County,12,2016,2,0,0
Bakersfield,Kern County,6,2019,0,1,0
Banning,Riverside County,1,2016,0,0,1
Banning,Riverside County,5,2019,1,0,0
Banning,Riverside County,6,2020,1,0,0
Banning,Riverside County,8,2018,0,1,0
Bear Valley Springs,Kern County,8,2014,0,1,0
Beaumont,Riverside County,1,2010,0,0,1
Beaumont,Riverside County,3,2018,1,0,0
Beaumont,Riverside County,12,2012,1,0,0
Benicia,Solano County,7,2016,1,0,0
Berkeley,Alameda County,1,2018,0,0,1
Berkeley,Alameda County,6,2020,1,0,0
Berkeley,Alameda County,7,2011,0,1,0
Berkeley,Alameda County,7,2012,1,0,0
Berkeley,Alameda County,8,2017,1,0,0
Berkeley,Alameda County,9,2012,1,0,0
Berkeley,Alameda County,10,2011,1,3,0
Berkeley,Alameda County,12,2011,1,0,0
Berryessa,Santa Clara County,9,2017,4,2,0
Berryessa,Santa Clara County,11,2019,1,0,0
Beverly Hills,Los Angeles County,9,2012,0,2,0
Big Bar,Trinity County,5,2019,1,0,0
Big Bear,San Bernardino County,12,2017,1,0,0
Big Bear Lake,San Bernardino County,8,2017,0,1,0
Big Bear Lake,San Bernardino County,9,2018,1,0,0
Boonville,Mendocino County,12,2016,1,0,0
Borrego Springs,San Diego County,1,2013,1,0,0
Borrego Springs,San Diego County,2,2020,1,0,0
Borrego Springs,San Diego County,3,2019,1,0,0
Borrego Springs,San Diego County,4,2010,1,0,0
Borrego Springs,San Diego County,5,2010,1,0,0
Borrego Springs,San Diego County,6,2010,1,0,0
Borrego Springs,San Diego County,6,2012,1,0,0
Borrego Springs,San Diego County,7,2012,1,0,0
Borrego Springs,San Diego County,8,2016,1,0,0
Borrego Springs,San Diego County,10,2013,1,0,0
Borrego Springs,San Diego County,10,2016,0,1,0
Borrego Springs,San Diego County,12,2010,1,0,0
Borrego Springs,San Diego County,12,2016,1,0,0
Boyle Heights,Los Angeles County,3,2013,1,0,0
Brawley,Imperial County,1,2017,7,2,0
Brawley,Imperial County,4,2012,1,0,0
Brawley,Imperial County,5,2015,1,0,0
Brawley,Imperial County,6,2013,1,0,0
Brawley,Imperial County,7,2015,1,0,0
Brawley,Imperial County,7,2019,1,0,0
Brawley,Imperial County,8,2012,4,0,0
Brawley,Imperial County,10,2017,0,1,0
Brawley,Imperial County,12,2016,11,6,0
Brea,Orange County,1,2020,1,0,0
Brea,Orange County,2,2017,1,0,0
Brea,Orange County,3,2014,4,0,1
Brea,Orange County,10,2014,3,0,0
Brea,Orange County,12,2019,1,1,0
Buena Park,Orange County,7,2018,1,0,0
Burbank,Los Angeles County,5,2012,1,0,0
Cabazon,Riverside County,5,2011,1,0,0
Cabazon,Riverside County,7,2012,1,0,0
Cabazon,Riverside County,9,2015,1,0,0
Calimesa,Riverside County,7,2018,0,0,0
Calimesa,Riverside County,9,2018,0,1,0
Calimesa,Riverside County,10,2018,0,1,0
Calimesa,Riverside County,11,2017,1,0,0
Canyondam,Plumas County,3,2015,0,1,0
Canyondam,Plumas County,5,2013,1,1,0
Canyondam,Plumas County,12,2013,1,0,0
Carson,Los Angeles County,4,2015,0,1,0
Carson,Los Angeles County,6,2015,1,0,0
Carson,Los Angeles County,8,2015,1,0,0
Carson,Los Angeles County,11,2013,1,0,0
Castaic,Los Angeles County,2,2020,0,1,0
Castaic,Los Angeles County,8,2017,0,1,0
Castro Valley,Alameda County,5,2010,1,0,0
Castro Valley,Alameda County,7,2018,1,0,0
Castro Valley,Alameda County,11,2018,1,0,0
Castro Valley,Alameda County,12,2019,1,0,0
Cherry Valley,Riverside County,6,2010,1,0,0
Cherry Valley,Riverside County,9,2010,1,0,0
Chico,Butte County,11,2019,0,0,0
Chino Hills,San Bernardino County,4,2010,1,0,0
Chino Hills,San Bernardino County,6,2010,1,0,0
Chino Hills,San Bernardino County,8,2010,1,0,0
Chula Vista,San Diego County,8,2016,1,0,0
Coalinga,Fresno County,7,2019,1,0,0
Cobb,Lake County,3,2016,1,0,0
Coleville,Mono County,2,2013,1,0,0
Coleville,Mono County,11,2011,0,2,0
Colton,San Bernardino County,1,2013,1,0,0
Columbia,Shasta County,4,2018,1,0,0
Columbia,Shasta County,7,2018,1,0,0
Columbia,Shasta County,11,2010,1,0,0
Compton,Los Angeles County,10,2019,1,1,0
Concord,Contra Costa County,1,2011,1,0,0
Concord,Contra Costa County,3,2018,1,0,0
Concord,Contra Costa County,5,2015,3,2,0
Concord,Contra Costa County,5,2018,1,0,0
Concord,Contra Costa County,7,2014,1,0,0
Concord,Contra Costa County,8,2014,1,0,0
Concord,Contra Costa County,8,2018,1,0,0
Concord,Contra Costa County,11,2014,1,0,0
Concord,Contra Costa County,12,2010,2,0,0
Concord,Contra Costa County,12,2013,1,0,0
Concord,Contra Costa County,12,2014,1,0,0
Contra Costa Centre,Contra Costa County,10,2019,0,0,1
Costa Mesa,Orange County,4,2010,1,0,0
Costa Mesa,Orange County,11,2016,1,0,0
Crockett,Contra Costa County,4,2015,1,0,0
Cromberg,Plumas County,6,2015,1,0,0
Cupertino,Santa Clara County,1,2018,1,0,0
Cupertino,Santa Clara County,10,2019,1,0,0
Danville,Contra Costa County,2,2011,1,0,0
Danville,Contra Costa County,2,2018,7,3,0
Danville,Contra Costa County,3,2018,1,0,0
Danville,Contra Costa County,3,2019,1,0,0
Danville,Contra Costa County,4,2015,0,1,0
Danville,Contra Costa County,4,2018,4,0,0
Danville,Contra Costa County,6,2018,1,0,0
Danville,Contra Costa County,8,2016,1,0,0
Danville,Contra Costa County,10,2015,16,5,0
Danville,Contra Costa County,11,2013,0,1,0
Danville,Contra Costa County,11,2015,2,0,0
Danville,Contra Costa County,12,2014,1,0,0
Day Valley,Santa Cruz County,12,2018,1,0,0
Deer Park,Napa County,10,2014,1,0,0
Desert Hot Springs,Riverside County,1,2018,1,0,0
Desert Hot Springs,Riverside County,6,2011,0,0,0
Desert Hot Springs,Riverside County,11,2010,1,0,0
Diablo,Contra Costa County,3,2018,1,0,0
Diablo,Contra Costa County,4,2020,1,0,0
Dixon Lane-Meadow Creek,Inyo County,10,2013,0,0,0
East Richmond Heights,Contra Costa County,1,2020,1,0,0
El Centro,Imperial County,5,2016,2,0,0
El Centro,Imperial County,11,2019,6,3,0
El Centro,Imperial County,12,2012,0,1,0
El Cerrito,Contra Costa County,3,2012,0,2,0
El Cerrito,Contra Costa County,6,2017,0,0,0
Eureka,Humboldt County,4,2010,2,0,0
Fontana,San Bernardino County,1,2014,0,1,1
Fontana,San Bernardino County,2,2019,1,0,0
Fontana,San Bernardino County,3,2012,0,1,0
Fontana,San Bernardino County,3,2014,2,0,0
Fontana,San Bernardino County,3,2019,1,0,0
Fontana,San Bernardino County,4,2014,2,0,0
Fontana,San Bernardino County,5,2018,1,0,0
Fontana,San Bernardino County,5,2019,4,0,0
Fontana,San Bernardino County,6,2010,0,1,0
Fontana,San Bernardino County,6,2019,7,2,0
Fontana,San Bernardino County,7,2010,1,0,0
Fontana,San Bernardino County,7,2015,0,1,0
Fontana,San Bernardino County,7,2017,1,0,0
Fontana,San Bernardino County,7,2019,1,0,0
Fontana,San Bernardino County,8,2018,1,0,0
Fontana,San Bernardino County,8,2020,1,0,0
Fontana,San Bernardino County,9,2015,2,0,0
Fontana,San Bernardino County,11,2010,1,0,0
Fontana,San Bernardino County,11,2015,2,1,0
Fort Bragg,Mendocino County,6,2011,1,0,0
Fremont,Alameda County,1,2014,1,0,0
Fremont,Alameda County,2,2013,1,0,0
Fremont,Alameda County,4,2012,1,0,0
Fremont,Alameda County,5,2016,1,0,0
Fremont,Alameda County,7,2015,2,1,0
Fremont,Alameda County,9,2013,2,0,0
Fremont,Alameda County,9,2014,1,0,0
Fremont,Alameda County,11,2011,1,0,0
Fremont,Alameda County,11,2012,1,0,0
Freshwater,Humboldt County,6,2014,1,0,0
Fullerton,Orange County,3,2014,5,5,0
Gardena,Los Angeles County,5,2019,1,0,0
Gardena,Los Angeles County,9,2016,2,0,0
Garfield,Humboldt County,5,2012,1,0,0
Graeagle,Plumas County,1,2015,1,0,0
Green Valley,Solano County,7,2016,1,0,0
Greenhorn,Plumas County,7,2012,1,0,0
Hacienda Heights,Los Angeles County,10,2015,1,0,0
Harbor Gateway North,Los Angeles County,4,2018,1,0,0
Hawthorne,Los Angeles County,12,2011,1,0,0
Hayfork,Trinity County,3,2016,1,0,0
Hayfork,Trinity County,5,2014,1,0,0
Hayfork,Trinity County,6,2018,1,0,0
Hayfork,Trinity County,12,2017,1,0,0
Hayward,Alameda County,2,2015,1,0,0
Hayward,Alameda County,8,2011,1,0,0
Hayward,Alameda County,8,2015,1,0,0
Heber,Imperial County,9,2010,1,0,0
Hillcrest,Kern County,5,2020,0,1,0
Hollister,San Benito County,1,2014,0,1,0
Hollister,San Benito County,1,2015,1,0,0
Hollister,San Benito County,5,2012,1,0,0
Hollister,San Benito County,6,2017,1,0,0
Homewood Canyon,Inyo County,7,2019,1,0,0
Huntington Beach,Orange County,2,2011,1,0,0
Huntington Beach,Orange County,4,2010,1,0,0
Hydesville,Humboldt County,3,2014,2,0,0
Hydesville,Humboldt County,5,2014,1,0,0
Hydesville,Humboldt County,6,2014,1,0,0
Hydesville,Humboldt County,11,2011,1,0,0
Idyllwild-Pine Cove,Riverside County,6,2014,1,0,0
Irvine,Orange County,9,2011,0,1,0
Johnsville,Plumas County,11,2013,2,0,0
Junction,Shasta County,1,2013,1,0,0
Junction,Shasta County,8,2013,1,0,0
Jurupa Valley,Riverside County,6,2019,1,0,0
Keene,Kern County,10,2016,1,0,0
Keene,Kern County,11,2016,1,0,0
La Habra,Orange County,1,2015,1,0,0
La Habra,Orange County,3,2014,4,1,0
La Habra,Orange County,4,2014,3,0,0
La Habra,Orange County,6,2018,1,0,0
La Verne,Los Angeles County,8,2018,0,1,1
La Verne,Los Angeles County,10,2018,1,0,0
La Verne,Los Angeles County,12,2012,1,0,0
Ladera Heights,Los Angeles County,4,2015,0,1,0
Laguna Niguel,Orange County,4,2012,0,1,0
Lake Almanor Country Club,Plumas County,4,2014,1,0,0
Lake Almanor Country Club,Plumas County,4,2016,1,0,0
Lake Davis,Plumas County,8,2010,0,1,0
Lake Elsinore,Riverside County,2,2018,0,1,0
Lake Elsinore,Riverside County,9,2019,1,1,0
Lake Elsinore,Riverside County,10,2012,0,1,0
Lake Hughes,Los Angeles County,8,2020,1,0,0
Lake Isabella,Kern County,1,2014,0,0,0
Lebec,Kern County,11,2017,0,1,0
Livermore,Alameda County,5,2017,2,0,0
Livermore,Alameda County,10,2014,1,0,0
Loleta,Humboldt County,10,2016,1,0,0
Loma Linda,San Bernardino County,1,2010,1,0,0
Loma Linda,San Bernardino County,1,2016,1,0,0
Loma Linda,San Bernardino County,2,2018,1,0,0
Loma Linda,San Bernardino County,3,2013,2,1,0
Loma Linda,San Bernardino County,3,2015,1,0,0
Loma Linda,San Bernardino County,3,2017,1,2,0
Loma Linda,San Bernardino County,3,2018,1,0,0
Loma Linda,San Bernardino County,4,2017,0,1,0
Loma Linda,San Bernardino County,5,2017,1,0,0
Loma Linda,San Bernardino County,7,2010,1,0,0
Loma Linda,San Bernardino County,8,2013,2,0,0
Loma Linda,San Bernardino County,9,2013,1,0,0
Loma Linda,San Bernardino County,10,2015,1,0,0
Loma Linda,San Bernardino County,10,2017,2,0,0
Loma Linda,San Bernardino County,11,2010,1,0,0
Loma Linda,San Bernardino County,11,2016,1,0,0
Loma Linda,San Bernardino County,11,2017,1,0,0
Loma Linda,San Bernardino County,12,2016,1,0,0
Lone Pine,Inyo County,6,2012,1,0,0
Long Beach,Los Angeles County,3,2014,1,0,0
Long Beach,Los Angeles County,8,2011,0,1,0
Long Beach,Los Angeles County,8,2018,1,0,0
Long Beach,Los Angeles County,10,2016,1,0,0
Long Beach,Los Angeles County,11,2010,0,1,0
Los Altos Hills,Santa Clara County,3,2012,1,0,0
Los Altos Hills,Santa Clara County,12,2010,2,0,0
Los Angeles,Los Angeles County,1,2014,1,0,0
Los Angeles,Los Angeles County,1,2019,2,0,0
Los Angeles,Los Angeles County,1,2020,0,1,0
Los Angeles,Los Angeles County,2,2014,1,0,0
Los Angeles,Los Angeles County,2,2018,1,0,0
Los Angeles,Los Angeles County,2,2019,1,0,0
Los Angeles,Los Angeles County,3,2014,3,1,1
Los Angeles,Los Angeles County,3,2016,1,0,0
Los Angeles,Los Angeles County,3,2019,2,0,0
Los Angeles,Los Angeles County,4,2013,1,1,0
Los Angeles,Los Angeles County,4,2019,1,0,0
Los Angeles,Los Angeles County,5,2013,1,0,0
Los Angeles,Los Angeles County,5,2017,0,0,0
Los Angeles,Los Angeles County,5,2020,1,1,0
Los Angeles,Los Angeles County,6,2014,0,0,1
Los Angeles,Los Angeles County,7,2011,0,1,0
Los Angeles,Los Angeles County,7,2012,0,1,0
Los Angeles,Los Angeles County,7,2013,1,0,0
Los Angeles,Los Angeles County,7,2020,3,0,1
Los Angeles,Los Angeles County,8,2010,1,0,0
Los Angeles,Los Angeles County,8,2013,2,0,0
Los Angeles,Los Angeles County,8,2014,1,0,0
Los Angeles,Los Angeles County,9,2015,1,0,0
Los Angeles,Los Angeles County,9,2017,0,1,0
Los Angeles,Los Angeles County,11,2011,1,0,0
Los Angeles,Los Angeles County,11,2012,1,0,0
Los Gatos,Santa Clara County,3,2015,1,0,0
Lucerne Valley,San Bernardino County,1,2019,0,1,0
Lucerne Valley,San Bernardino County,9,2018,1,0,0
Lucerne Valley,San Bernardino County,12,2018,0,1,0
Malibu,Los Angeles County,3,2017,1,0,0
Malibu,Los Angeles County,4,2016,1,0,0
Malibu,Los Angeles County,8,2010,1,0,0
Mammoth Lakes,Mono County,1,2019,2,0,0
Mammoth Lakes,Mono County,2,2014,0,0,0
Mammoth Lakes,Mono County,3,2017,1,0,0
Mammoth Lakes,Mono County,4,2014,1,0,0
Mammoth Lakes,Mono County,4,2016,1,0,0
Mammoth Lakes,Mono County,5,2014,1,0,0
Mammoth Lakes,Mono County,6,2010,2,0,0
Mammoth Lakes,Mono County,8,2010,1,0,0
Mammoth Lakes,Mono County,8,2013,0,0,0
Mammoth Lakes,Mono County,8,2017,1,0,0
Mammoth Lakes,Mono County,9,2014,1,0,0
Mammoth Lakes,Mono County,9,2018,1,0,0
Mammoth Lakes,Mono County,9,2019,6,0,0
Mammoth Lakes,Mono County,10,2012,2,0,0
Mammoth Lakes,Mono County,10,2019,2,0,0
Mammoth Lakes,Mono County,11,2019,1,0,0
Mammoth Lakes,Mono County,12,2013,1,0,0
Marina Del Rey,Los Angeles County,1,2014,0,0,0
Marina Del Rey,Los Angeles County,12,2013,1,0,0
Markleeville,Alpine County,7,2016,1,0,0
Maxwell,Colusa County,1,2015,1,0,0
Mesa,Inyo County,5,2019,1,0,0
Mesa,Inyo County,7,2019,1,1,0
Mesa,Inyo County,11,2019,1,0,0
Mexicali,Baja California,4,2010,2,0,0
Mexicali,Baja California,8,2014,1,0,0
Mexicali,Baja California,11,2010,0,1,0
Millville,Shasta County,3,2019,1,0,0
Montecito,Santa Barbara County,4,2017,0,1,0
Moreno Valley,Riverside County,3,2019,1,0,0
Myers Flat,Humboldt County,1,2010,1,0,0
Newport Beach,Orange County,12,2015,1,1,0
North Cow Creek,Shasta County,9,2013,1,0,0
Norwalk,Los Angeles County,2,2019,0,1,0
Nuevo,Riverside County,3,2011,1,0,0
Oakland,Alameda County,1,2019,0,2,0
Oakland,Alameda County,2,2013,1,0,0
Oakland,Alameda County,3,2015,0,0,0
Oakland,Alameda County,3,2018,1,0,0
Oakland,Alameda County,3,2019,1,0,0
Oakland,Alameda County,4,2019,2,0,0
Oakland,Alameda County,5,2018,0,1,0
Oakland,Alameda County,7,2010,1,0,0
Oakland,Alameda County,8,2011,0,2,0
Oakland,Alameda County,8,2014,1,0,0
Oakland,Alameda County,8,2015,1,0,0
Oakland,Alameda County,9,2011,0,1,0
Oakland,Alameda County,9,2016,0,1,0
Oakland,Alameda County,9,2018,1,0,0
Oakland,Alameda County,11,2011,0,1,0
Oakland,Alameda County,11,2018,1,0,0
Oakland,Alameda County,12,2013,1,0,0
Oakland,Alameda County,12,2017,1,0,0
Oakley,Contra Costa County,6,2018,1,1,0
Ocotillo,Imperial County,6,2010,2,2,0
Ocotillo,Imperial County,7,2010,0,0,0
Ocotillo,Imperial County,8,2018,1,0,0
Ocotillo,Imperial County,9,2010,2,0,0
Oildale,Kern County,1,2020,0,1,0
Ontario,San Bernardino County,1,2018,0,0,0
Ontario,San Bernardino County,2,2014,0,0,0
Ontario,San Bernardino County,5,2010,1,0,0
Ontario,San Bernardino County,6,2014,1,0,0
Ontario,San Bernardino County,6,2019,0,0,0
Ontario,San Bernardino County,7,2012,1,0,0
Ontario,San Bernardino County,7,2018,0,1,0
Ontario,San Bernardino County,8,2018,1,0,0
Ontario,San Bernardino County,12,2011,0,1,0
Onyx,Kern County,1,2016,1,0,0
Onyx,Kern County,3,2015,1,0,0
Orcutt,Santa Barbara County,8,2016,1,0,0
Orcutt,Santa Barbara County,12,2018,0,1,0
Pacheco,Contra Costa County,9,2010,1,0,0
Pacheco,Contra Costa County,12,2017,1,0,0
Pacific,Humboldt County,4,2016,1,0,0
Pacific,Humboldt County,6,2018,1,0,0
Pacifica,San Mateo County,4,2011,0,1,0
Pacifica,San Mateo County,6,2013,1,0,0
Pacifica,San Mateo County,11,2013,1,0,0
Pacifica,San Mateo County,11,2016,1,0,0
Palm Springs,Riverside County,1,2010,1,0,0
Palm Springs,Riverside County,1,2013,1,0,0
Palo Alto,Santa Clara County,6,2018,1,0,0
Palomar Mountain,San Diego County,4,2012,2,0,0
Palomar Mountain,San Diego County,5,2013,1,0,0
Palomar Mountain,San Diego County,10,2012,1,0,0
Palomar Mountain,San Diego County,12,2018,1,0,0
Phelan,San Bernardino County,8,2010,0,1,0
Pico Rivera,Los Angeles County,3,2010,0,0,1
Pine Valley,San Diego County,3,2014,2,0,0
Pinon Hills,San Bernardino County,1,2020,1,0,0
Placentia,Orange County,8,2020,0,1,0
Pleasant Hill,Contra Costa County,4,2010,1,0,0
Pleasant Hill,Contra Costa County,5,2017,1,0,0
Pleasant Hill,Contra Costa County,9,2013,1,0,0
Pleasant Hill,Contra Costa County,9,2017,2,0,0
Pleasant Hill,Contra Costa County,10,2019,1,1,0
Plumas Eureka,Plumas County,12,2017,1,0,0
Portola Valley,San Mateo County,2,2016,1,0,0
Prattville,Plumas County,1,2015,1,0,0
Quartz Hill,Shasta County,5,2015,0,1,0
Rancho Cordova,Sacramento County,6,2017,1,0,0
Rancho Cucamonga,San Bernardino County,1,2011,1,0,0
Rancho Cucamonga,San Bernardino County,2,2016,1,0,0
Rancho Palos Verdes,Los Angeles County,2,2016,1,0,0
Raymond,Madera County,6,2018,1,0,0
Raymond,Mariposa County,2,2018,1,0,0
Raymond,Mariposa County,9,2019,1,0,0
Raymond,Mariposa County,11,2013,1,0,0
Redding,Shasta County,10,2012,1,0,0
Redlands,San Bernardino County,1,2013,1,0,0
Redlands,San Bernardino County,1,2018,1,0,0
Redlands,San Bernardino County,2,2010,11,5,1
Redlands,San Bernardino County,2,2013,1,0,0
Redlands,San Bernardino County,2,2018,0,1,0
Redlands,San Bernardino County,3,2013,1,0,0
Redlands,San Bernardino County,3,2017,1,0,0
Redlands,San Bernardino County,6,2013,0,0,0
Redlands,San Bernardino County,7,2014,3,0,0
Redlands,San Bernardino County,7,2019,1,0,0
Redlands,San Bernardino County,8,2019,1,0,0
Redlands,San Bernardino County,9,2011,1,0,0
Redlands,San Bernardino County,11,2019,1,0,0
Redwood City,San Mateo County,2,2015,1,0,0
Redwood Valley,Mendocino County,3,2020,0,1,0
Rialto,San Bernardino County,4,2018,0,0,0
Rialto,San Bernardino County,12,2015,1,0,0
Ridgecrest,Kern County,11,2011,0,0,1
Riverside,Riverside County,7,2020,1,0,0
Rohnerville,Humboldt County,1,2020,1,0,0
Rohnerville,Humboldt County,7,2014,1,1,0
Rohnerville,Humboldt County,8,2014,2,0,0
Round Valley,Inyo County,1,2019,2,0,0
Round Valley,Inyo County,2,2013,1,0,0
Round Valley,Inyo County,2,2016,1,0,0
Round Valley,Inyo County,2,2020,1,0,0
Round Valley,Inyo County,3,2018,1,0,0
Round Valley,Inyo County,4,2013,1,0,0
Round Valley,Inyo County,5,2019,1,0,0
Round Valley,Inyo County,6,2012,1,0,0
Round Valley,Inyo County,6,2014,1,1,0
Round Valley,Inyo County,7,2010,1,0,0
Round Valley,Inyo County,8,2015,1,0,0
Round Valley,Inyo County,9,2015,1,0,0
Round Valley,Inyo County,11,2012,1,0,0
Round Valley,Inyo County,12,2018,0,1,0
Running Springs,San Bernardino County,10,2012,1,0,0
San Bernardino,San Bernardino County,1,2019,1,0,0
San Bernardino,San Bernardino County,4,2011,1,0,0
San Bernardino,San Bernardino County,4,2017,1,0,0
San Bernardino,San Bernardino County,4,2019,0,1,0
San Bernardino,San Bernardino County,6,2011,1,0,0
San Bernardino,San Bernardino County,6,2016,0,1,0
San Bernardino,San Bernardino County,7,2010,1,0,0
San Bernardino,San Bernardino County,7,2015,1,0,0
San Bernardino,San Bernardino County,8,2014,1,0,0
San Bernardino,San Bernardino County,9,2018,0,1,0
San Bernardino,San Bernardino County,12,2013,1,0,0
San Bernardino,San Bernardino County,12,2017,1,0,0
San Dimas,Los Angeles County,5,2011,1,0,0
San Dimas,Los Angeles County,9,2013,2,2,0
San Felipe,Santa Clara County,1,2020,0,1,0
San Felipe,Santa Clara County,3,2019,2,0,0
San Felipe,Santa Clara County,7,2015,1,0,0
San Fernando,Los Angeles County,7,2020,0,1,0
San Francisco,San Francisco County,1,2015,1,0,0
San Francisco,San Francisco County,3,2013,1,1,0
San Francisco,San Francisco County,6,2010,0,1,0
San Francisco,San Francisco County,6,2012,1,0,0
San Francisco,San Francisco County,8,2011,1,0,0
San Francisco,San Francisco County,9,2019,2,0,0
San Jacinto,Riverside County,3,2019,1,0,0
San Jacinto,Riverside County,5,2015,1,1,0
San Jacinto,Riverside County,5,2017,1,0,0
San Jacinto,Riverside County,6,2018,1,0,0
San Jacinto,Riverside County,7,2011,0,1,0
San Jacinto,Riverside County,9,2014,1,1,0
San Jacinto,Riverside County,10,2011,1,0,0
San Jacinto,Riverside County,10,2018,0,1,0
San Jacinto,Riverside County,12,2017,1,0,0
San Jose,Santa Clara County,2,2011,1,0,0
San Jose,Santa Clara County,4,2016,1,0,0
San Leandro,Alameda County,4,2016,1,0,0
San Pablo,Contra Costa County,4,2015,1,0,0
San Pablo,Contra Costa County,9,2010,0,1,0
San Ramon,Contra Costa County,1,2016,1,0,0
San Ramon,Contra Costa County,9,2019,1,0,0
San Ramon,Contra Costa County,10,2013,1,0,0
San Ramon,Contra Costa County,10,2015,5,1,0
San Ramon,Contra Costa County,10,2019,2,0,0
San Ramon,Contra Costa County,11,2013,3,0,0
San Ramon,Contra Costa County,11,2015,1,1,0
San Ramon,Contra Costa County,12,2015,1,0,0
Santa Clarita,Los Angeles County,1,2017,1,0,0
Santa Monica,Los Angeles County,1,2019,1,0,0
Santa Rosa,Sonoma County,7,2013,1,0,0
Santa Rosa,Sonoma County,11,2010,1,0,0
Santa Rosa,Sonoma County,11,2014,1,0,0
Santa Rosa,Sonoma County,12,2012,1,0,0
Saranap,Contra Costa County,3,2016,1,0,0
Searles Valley,San Bernardino County,7,2019,1,0,0
Shasta,Shasta County,10,2013,1,0,0
Shaver Lake,Fresno County,5,2016,1,0,0
Simi Valley,Ventura County,2,2011,0,1,0
Simi Valley,Ventura County,4,2011,1,0,0
Sky Londa,San Mateo County,6,2020,1,0,0
South Gate,Los Angeles County,5,2014,0,1,0
South Los Angeles,Los Angeles County,4,2015,1,0,0
South Los Angeles,Los Angeles County,4,2020,0,1,0
South Los Angeles,Los Angeles County,5,2010,1,0,0
South Los Angeles,Los Angeles County,5,2015,0,1,0
South Los Angeles,Los Angeles County,6,2011,0,1,0
South Los Angeles,Los Angeles County,6,2015,0,1,0
South Los Angeles,Los Angeles County,9,2016,1,0,0
South Los Angeles,Los Angeles County,11,2017,0,1,0
Southwest Industrial Park,San Bernardino County,6,2019,3,1,0
Stevenson Ranch,Los Angeles County,3,2016,1,0,0
Sunol,Alameda County,1,2010,1,0,0
Sunol,Alameda County,12,2012,1,0,0
Sunol,Alameda County,12,2018,1,0,0
Twain,Plumas County,10,2019,1,0,0
Union City,Alameda County,3,2014,1,0,0
Union City,Alameda County,6,2014,1,0,0
Vallejo,Solano County,1,2014,1,0,0
Vallejo,Solano County,2,2012,0,2,0
Vallejo,Solano County,3,2019,1,0,0
Vallejo,Solano County,8,2016,1,0,0
Vallejo,Solano County,9,2018,0,1,0
Ventura,Ventura County,9,2014,1,0,0
Ventura,Ventura County,11,2019,7,5,0
Villa Park,Orange County,8,2018,1,0,0
Vincent,Los Angeles County,5,2012,1,0,0
West Bishop,Inyo County,4,2018,1,0,0
West Covina,Los Angeles County,5,2011,1,0,0
Westhaven-Moonstone,Humboldt County,6,2017,0,1,0
Wildomar,Riverside County,9,2019,0,1,0
Wilkerson,Inyo County,5,2019,1,0,0
Willow Creek,Humboldt County,1,2011,1,0,0
Willow Creek,Humboldt County,3,2015,1,0,0
Willow Creek,Humboldt County,4,2016,1,0,0
Willow Creek,Humboldt County,5,2018,2,0,0
Willow Creek,Humboldt County,6,2010,1,0,0
Willow Creek,Humboldt County,7,2012,1,1,0
Willow Creek,Humboldt County,10,2012,0,1,0
Willow Creek,Humboldt County,11,2017,1,0,0
Willow Creek,Humboldt County,12,2018,0,1,0
Yorba Linda,Orange County,8,2011,1,0,0
Yorba Linda,Orange County,8,2012,2,1,3
Yorba Linda,Orange County,8,2016,1,0,0
Yosemite Lakes,Madera County,2,2016,1,0,0
Yucaipa,San Bernardino County,3,2017,0,1,0
Yucaipa,San Bernardino County,5,2011,1,0,0
Yucaipa,San Bernardino County,9,2014,1,0,0
Yucaipa,San Bernardino County,12,2011,1,0,0
Yucca Valley,San Bernardino County,1,2014,1,0,0
Yucca Valley,San Bernardino County,2,2020,1,0,0
Yucca Valley,San Bernardino County,4,2017,1,0,0
Yucca Valley,San Bernardino County,5,2012,0,1,0
Yucca Valley,San Bernardino County,5,2014,1,0,0
Yucca Valley,San Bernardino County,7,2012,1,2,0
Yucca Valley,San Bernardino County,11,2010,1,0,0
NA,Alameda County,1,2020,1,0,0
NA,Alameda County,2,2011,1,0,0
NA,Alameda County,3,2016,1,0,0
NA,Alameda County,3,2017,1,0,0
NA,Alameda County,5,2010,0,2,0
NA,Alameda County,5,2014,1,0,0
NA,Alameda County,6,2013,1,0,0
NA,Alameda County,6,2014,1,0,0
NA,Alameda County,6,2019,1,0,0
NA,Alameda County,8,2020,1,1,0
NA,Alameda County,10,2017,1,0,0
NA,Alameda County,11,2017,2,0,0
NA,Alameda County,11,2018,1,0,0
NA,Alameda County,12,2010,1,0,0
NA,Alameda County,12,2011,1,0,0
NA,Alpine County,1,2011,0,1,0
NA,Alpine County,1,2013,2,2,0
NA,Alpine County,2,2013,1,0,0
NA,Alpine County,2,2018,1,0,0
NA,Alpine County,2,2019,2,0,0
NA,Alpine County,3,2013,1,0,0
NA,Alpine County,4,2013,0,1,0
NA,Alpine County,4,2018,1,0,0
NA,Alpine County,5,2013,2,1,0
NA,Alpine County,6,2018,1,0,0
NA,Alpine County,8,2011,1,0,0
NA,Alpine County,11,2010,5,3,0
NA,Butte County,2,2010,1,0,0
NA,Butte County,3,2010,1,0,0
NA,Butte County,3,2016,1,0,0
NA,Butte County,3,2019,1,0,0
NA,Butte County,4,2013,1,0,0
NA,Butte County,4,2016,1,0,0
NA,Butte County,4,2020,1,0,0
NA,Butte County,5,2011,1,0,0
NA,Butte County,5,2013,1,0,0
NA,Butte County,5,2020,1,0,0
NA,Butte County,6,2013,2,0,0
NA,Butte County,6,2018,1,0,0
NA,Butte County,7,2020,3,0,0
NA,Butte County,9,2013,1,0,0
NA,Butte County,10,2012,1,0,0
NA,Butte County,10,2015,0,1,0
NA,Butte County,11,2010,1,0,0
NA,Butte County,11,2012,1,0,0
NA,Butte County,11,2019,2,0,0
NA,Butte County,12,2015,1,0,0
NA,Butte County,12,2019,1,0,0
NA,Colusa County,5,2018,1,0,0
NA,Colusa County,8,2012,2,0,0
NA,Contra Costa County,1,2011,2,0,0
NA,Contra Costa County,2,2012,1,0,0
NA,Contra Costa County,2,2013,1,0,0
NA,Contra Costa County,2,2016,1,0,0
NA,Contra Costa County,4,2013,1,0,0
NA,Contra Costa County,4,2015,1,0,0
NA,Contra Costa County,4,2016,1,0,0
NA,Contra Costa County,4,2017,0,1,0
NA,Contra Costa County,4,2019,0,1,0
NA,Contra Costa County,5,2011,0,1,0
NA,Contra Costa County,5,2017,1,0,0
NA,Contra Costa County,7,2019,0,1,1
NA,Contra Costa County,7,2020,1,0,0
NA,Contra Costa County,8,2010,2,0,0
NA,Contra Costa County,8,2020,1,0,0
NA,Contra Costa County,9,2015,1,0,0
NA,Contra Costa County,10,2011,1,0,0
NA,Contra Costa County,10,2013,3,1,0
NA,Contra Costa County,11,2010,2,0,0
NA,Contra Costa County,11,2014,1,0,0
NA,Contra Costa County,11,2015,1,0,0
NA,Contra Costa County,11,2018,0,1,0
NA,Contra Costa County,12,2018,1,0,0
NA,Del Norte County,3,2011,1,0,0
NA,Del Norte County,6,2010,1,0,0
NA,Del Norte County,7,2019,1,0,0
NA,Del Norte County,9,2016,0,1,0
NA,Del Norte County,10,2019,0,1,0
NA,El Dorado County,5,2010,1,0,0
NA,Fresno County,1,2012,2,0,0
NA,Fresno County,1,2013,1,0,0
NA,Fresno County,1,2014,1,0,0
NA,Fresno County,1,2015,2,0,0
NA,Fresno County,1,2016,1,0,0
NA,Fresno County,1,2017,2,0,0
NA,Fresno County,1,2018,3,2,0
NA,Fresno County,1,2019,1,1,0
NA,Fresno County,1,2020,1,0,0
NA,Fresno County,2,2010,1,0,0
NA,Fresno County,2,2011,1,0,0
NA,Fresno County,2,2012,2,0,0
NA,Fresno County,2,2013,2,0,0
NA,Fresno County,2,2014,1,0,0
NA,Fresno County,2,2016,3,0,0
NA,Fresno County,2,2018,1,0,0
NA,Fresno County,2,2019,1,0,0
NA,Fresno County,2,2020,1,0,0
NA,Fresno County,3,2010,1,0,0
NA,Fresno County,3,2012,4,0,0
NA,Fresno County,3,2014,1,0,0
NA,Fresno County,3,2015,6,1,1
NA,Fresno County,3,2016,4,0,0
NA,Fresno County,3,2017,6,1,0
NA,Fresno County,3,2018,1,0,0
NA,Fresno County,3,2019,1,0,0
NA,Fresno County,3,2020,3,1,0
NA,Fresno County,4,2010,1,1,0
NA,Fresno County,4,2011,1,0,0
NA,Fresno County,4,2012,1,0,0
NA,Fresno County,4,2014,1,0,0
NA,Fresno County,4,2016,1,0,0
NA,Fresno County,4,2017,1,0,0
NA,Fresno County,4,2018,4,0,0
NA,Fresno County,4,2020,1,0,0
NA,Fresno County,5,2010,2,0,0
NA,Fresno County,5,2011,1,0,0
NA,Fresno County,5,2012,2,0,0
NA,Fresno County,5,2013,0,1,0
NA,Fresno County,5,2015,0,1,0
NA,Fresno County,5,2018,1,0,0
NA,Fresno County,5,2019,0,1,0
NA,Fresno County,5,2020,2,2,0
NA,Fresno County,6,2011,1,1,0
NA,Fresno County,6,2012,1,0,0
NA,Fresno County,6,2013,1,0,0
NA,Fresno County,6,2014,3,0,0
NA,Fresno County,6,2015,0,1,0
NA,Fresno County,6,2016,1,0,0
NA,Fresno County,6,2017,1,1,0
NA,Fresno County,6,2018,2,0,0
NA,Fresno County,6,2019,2,0,0
NA,Fresno County,6,2020,1,0,0
NA,Fresno County,7,2010,3,0,0
NA,Fresno County,7,2011,2,0,0
NA,Fresno County,7,2014,2,0,0
NA,Fresno County,7,2015,2,0,0
NA,Fresno County,7,2016,2,0,0
NA,Fresno County,7,2017,11,2,0
NA,Fresno County,7,2019,2,0,0
NA,Fresno County,8,2010,0,0,0
NA,Fresno County,8,2011,3,0,0
NA,Fresno County,8,2012,2,0,0
NA,Fresno County,8,2015,0,0,0
NA,Fresno County,8,2017,9,4,0
NA,Fresno County,8,2019,4,0,0
NA,Fresno County,8,2020,2,0,0
NA,Fresno County,9,2010,1,0,0
NA,Fresno County,9,2011,2,0,0
NA,Fresno County,9,2012,1,1,0
NA,Fresno County,9,2016,1,0,0
NA,Fresno County,9,2017,2,0,0
NA,Fresno County,9,2018,2,0,0
NA,Fresno County,9,2019,1,1,0
NA,Fresno County,10,2011,1,0,0
NA,Fresno County,10,2012,1,0,0
NA,Fresno County,10,2013,2,2,0
NA,Fresno County,10,2014,11,1,0
NA,Fresno County,10,2016,2,1,0
NA,Fresno County,10,2017,6,0,0
NA,Fresno County,10,2019,1,0,0
NA,Fresno County,11,2011,1,0,0
NA,Fresno County,11,2012,1,0,0
NA,Fresno County,11,2013,1,0,0
NA,Fresno County,11,2014,5,1,0
NA,Fresno County,11,2015,1,0,0
NA,Fresno County,11,2018,3,1,0
NA,Fresno County,11,2019,4,0,0
NA,Fresno County,12,2010,2,1,0
NA,Fresno County,12,2011,2,0,0
NA,Fresno County,12,2013,1,0,0
NA,Fresno County,12,2014,2,1,0
NA,Fresno County,12,2015,2,0,0
NA,Fresno County,12,2017,2,0,0
NA,Fresno County,12,2018,4,0,0
NA,Fresno County,12,2019,1,0,0
NA,Glenn County,3,2016,1,0,0
NA,Glenn County,4,2013,1,0,0
NA,Glenn County,5,2013,1,0,0
NA,Glenn County,6,2018,1,0,0
NA,Glenn County,7,2010,1,1,0
NA,Glenn County,8,2010,2,0,0
NA,Glenn County,10,2015,1,0,0
NA,Glenn County,11,2013,1,0,0
NA,Glenn County,12,2011,1,0,0
NA,Glenn County,12,2014,2,0,0
NA,Humboldt County,1,2010,4,0,1
NA,Humboldt County,1,2011,2,0,0
NA,Humboldt County,1,2012,3,1,0
NA,Humboldt County,1,2013,3,0,0
NA,Humboldt County,1,2014,2,0,0
NA,Humboldt County,1,2015,9,1,0
NA,Humboldt County,1,2016,3,1,1
NA,Humboldt County,1,2017,0,1,0
NA,Humboldt County,1,2018,1,0,0
NA,Humboldt County,1,2019,4,0,0
NA,Humboldt County,1,2020,3,1,0
NA,Humboldt County,2,2010,1,0,0
NA,Humboldt County,2,2011,2,0,0
NA,Humboldt County,2,2012,4,1,2
NA,Humboldt County,2,2013,5,0,0
NA,Humboldt County,2,2014,1,0,0
NA,Humboldt County,2,2015,2,0,0
NA,Humboldt County,2,2016,2,0,0
NA,Humboldt County,2,2017,2,1,0
NA,Humboldt County,2,2018,1,0,0
NA,Humboldt County,2,2019,1,0,1
NA,Humboldt County,2,2020,2,1,0
NA,Humboldt County,3,2010,1,0,0
NA,Humboldt County,3,2011,0,1,0
NA,Humboldt County,3,2012,1,0,0
NA,Humboldt County,3,2014,2,0,0
NA,Humboldt County,3,2015,1,0,0
NA,Humboldt County,3,2016,1,0,0
NA,Humboldt County,3,2017,1,1,0
NA,Humboldt County,3,2018,4,0,0
NA,Humboldt County,3,2019,1,0,1
NA,Humboldt County,3,2020,2,0,0
NA,Humboldt County,4,2010,2,1,0
NA,Humboldt County,4,2011,1,1,0
NA,Humboldt County,4,2012,5,0,0
NA,Humboldt County,4,2013,4,0,0
NA,Humboldt County,4,2014,1,0,0
NA,Humboldt County,4,2015,1,0,0
NA,Humboldt County,4,2016,1,0,0
NA,Humboldt County,4,2017,5,0,0
NA,Humboldt County,4,2018,1,0,0
NA,Humboldt County,4,2019,2,0,0
NA,Humboldt County,5,2010,1,0,0
NA,Humboldt County,5,2012,4,0,0
NA,Humboldt County,5,2013,6,1,0
NA,Humboldt County,5,2014,1,0,0
NA,Humboldt County,5,2015,2,0,0
NA,Humboldt County,5,2016,2,0,0
NA,Humboldt County,5,2017,1,0,0
NA,Humboldt County,5,2018,4,0,0
NA,Humboldt County,5,2019,3,1,0
NA,Humboldt County,5,2020,3,0,0
NA,Humboldt County,6,2011,2,1,0
NA,Humboldt County,6,2012,1,0,0
NA,Humboldt County,6,2013,2,0,0
NA,Humboldt County,6,2014,2,1,1
NA,Humboldt County,6,2015,2,0,0
NA,Humboldt County,6,2016,3,0,0
NA,Humboldt County,6,2017,2,1,0
NA,Humboldt County,6,2018,1,0,0
NA,Humboldt County,6,2019,2,0,1
NA,Humboldt County,6,2020,1,0,0
NA,Humboldt County,7,2010,2,1,0
NA,Humboldt County,7,2011,1,0,0
NA,Humboldt County,7,2012,4,0,0
NA,Humboldt County,7,2013,3,0,0
NA,Humboldt County,7,2014,1,0,0
NA,Humboldt County,7,2016,1,0,1
NA,Humboldt County,7,2019,2,1,0
NA,Humboldt County,7,2020,3,0,0
NA,Humboldt County,8,2010,1,1,0
NA,Humboldt County,8,2011,4,0,0
NA,Humboldt County,8,2013,6,1,0
NA,Humboldt County,8,2015,3,0,0
NA,Humboldt County,8,2017,2,0,0
NA,Humboldt County,8,2018,0,1,0
NA,Humboldt County,8,2020,1,0,0
NA,Humboldt County,9,2010,1,0,0
NA,Humboldt County,9,2011,3,0,0
NA,Humboldt County,9,2012,2,2,1
NA,Humboldt County,9,2013,0,1,0
NA,Humboldt County,9,2014,1,0,0
NA,Humboldt County,9,2016,2,0,0
NA,Humboldt County,9,2017,3,1,0
NA,Humboldt County,9,2018,1,0,0
NA,Humboldt County,9,2019,4,0,0
NA,Humboldt County,10,2010,2,1,0
NA,Humboldt County,10,2011,1,0,0
NA,Humboldt County,10,2012,0,1,0
NA,Humboldt County,10,2013,1,1,0
NA,Humboldt County,10,2014,0,0,1
NA,Humboldt County,10,2015,1,0,0
NA,Humboldt County,10,2016,1,0,0
NA,Humboldt County,10,2017,1,0,0
NA,Humboldt County,10,2018,3,0,0
NA,Humboldt County,10,2019,1,2,0
NA,Humboldt County,11,2010,1,0,0
NA,Humboldt County,11,2013,1,1,0
NA,Humboldt County,11,2014,3,0,0
NA,Humboldt County,11,2015,1,0,0
NA,Humboldt County,11,2016,3,1,0
NA,Humboldt County,11,2017,3,0,0
NA,Humboldt County,11,2018,1,0,0
NA,Humboldt County,12,2010,4,1,0
NA,Humboldt County,12,2011,1,0,0
NA,Humboldt County,12,2012,2,1,0
NA,Humboldt County,12,2015,4,0,0
NA,Humboldt County,12,2016,2,0,1
NA,Humboldt County,12,2017,4,0,0
NA,Humboldt County,12,2018,3,0,0
NA,Humboldt County,12,2019,1,1,0
NA,Imperial County,1,2010,5,3,0
NA,Imperial County,1,2011,3,4,0
NA,Imperial County,1,2012,1,0,0
NA,Imperial County,1,2013,1,0,0
NA,Imperial County,1,2014,2,0,0
NA,Imperial County,1,2015,1,1,0
NA,Imperial County,1,2017,3,0,0
NA,Imperial County,1,2018,3,1,0
NA,Imperial County,1,2019,3,6,0
NA,Imperial County,1,2020,1,0,0
NA,Imperial County,2,2010,1,2,0
NA,Imperial County,2,2011,1,1,0
NA,Imperial County,2,2012,8,5,0
NA,Imperial County,2,2013,1,1,0
NA,Imperial County,2,2016,1,0,0
NA,Imperial County,2,2018,4,0,0
NA,Imperial County,2,2020,1,0,0
NA,Imperial County,3,2010,4,2,0
NA,Imperial County,3,2011,1,1,0
NA,Imperial County,3,2012,2,2,0
NA,Imperial County,3,2013,2,1,0
NA,Imperial County,3,2014,5,1,0
NA,Imperial County,3,2015,3,0,0
NA,Imperial County,3,2017,2,2,0
NA,Imperial County,3,2018,1,1,0
NA,Imperial County,3,2019,1,0,0
NA,Imperial County,3,2020,4,2,0
NA,Imperial County,4,2010,312,116,11
NA,Imperial County,4,2011,6,0,0
NA,Imperial County,4,2012,1,1,0
NA,Imperial County,4,2013,3,0,0
NA,Imperial County,4,2014,1,1,0
NA,Imperial County,4,2015,3,0,0
NA,Imperial County,4,2016,1,1,0
NA,Imperial County,4,2017,2,0,0
NA,Imperial County,4,2018,1,0,0
NA,Imperial County,4,2019,1,1,0
NA,Imperial County,5,2010,77,26,6
NA,Imperial County,5,2011,2,1,0
NA,Imperial County,5,2012,2,0,0
NA,Imperial County,5,2013,2,1,0
NA,Imperial County,5,2015,5,2,1
NA,Imperial County,5,2016,4,0,0
NA,Imperial County,5,2017,3,0,0
NA,Imperial County,5,2018,5,7,0
NA,Imperial County,5,2019,2,1,0
NA,Imperial County,5,2020,5,5,1
NA,Imperial County,6,2010,111,52,5
NA,Imperial County,6,2011,2,1,0
NA,Imperial County,6,2012,2,1,0
NA,Imperial County,6,2013,3,3,0
NA,Imperial County,6,2014,3,1,0
NA,Imperial County,6,2016,3,2,0
NA,Imperial County,6,2017,0,2,0
NA,Imperial County,6,2018,4,1,0
NA,Imperial County,6,2019,1,0,0
NA,Imperial County,6,2020,4,2,0
NA,Imperial County,7,2010,14,3,0
NA,Imperial County,7,2011,6,0,0
NA,Imperial County,7,2013,0,0,0
NA,Imperial County,7,2014,2,3,0
NA,Imperial County,7,2015,5,1,0
NA,Imperial County,7,2016,3,1,0
NA,Imperial County,7,2017,2,2,0
NA,Imperial County,7,2018,1,0,0
NA,Imperial County,7,2019,1,0,0
NA,Imperial County,7,2020,3,0,0
NA,Imperial County,8,2010,1,6,0
NA,Imperial County,8,2011,2,0,0
NA,Imperial County,8,2012,55,35,10
NA,Imperial County,8,2013,2,1,0
NA,Imperial County,8,2014,2,0,0
NA,Imperial County,8,2016,0,1,0
NA,Imperial County,8,2017,7,1,0
NA,Imperial County,8,2020,15,12,1
NA,Imperial County,9,2010,6,2,0
NA,Imperial County,9,2012,5,2,0
NA,Imperial County,9,2013,1,1,0
NA,Imperial County,9,2014,2,0,0
NA,Imperial County,9,2015,3,1,0
NA,Imperial County,9,2016,28,13,3
NA,Imperial County,9,2017,3,2,0
NA,Imperial County,9,2018,1,0,0
NA,Imperial County,9,2019,1,2,0
NA,Imperial County,10,2010,6,2,0
NA,Imperial County,10,2011,3,0,0
NA,Imperial County,10,2012,2,0,0
NA,Imperial County,10,2013,10,1,0
NA,Imperial County,10,2014,1,0,0
NA,Imperial County,10,2015,0,0,0
NA,Imperial County,10,2016,5,4,0
NA,Imperial County,10,2017,3,0,0
NA,Imperial County,10,2018,6,0,0
NA,Imperial County,10,2019,3,0,0
NA,Imperial County,11,2010,1,0,1
NA,Imperial County,11,2011,0,1,0
NA,Imperial County,11,2012,4,0,0
NA,Imperial County,11,2013,1,0,0
NA,Imperial County,11,2014,1,1,0
NA,Imperial County,11,2015,2,0,0
NA,Imperial County,11,2016,11,1,0
NA,Imperial County,11,2017,1,0,0
NA,Imperial County,11,2018,2,2,0
NA,Imperial County,11,2019,2,2,0
NA,Imperial County,12,2010,7,10,2
NA,Imperial County,12,2011,2,0,0
NA,Imperial County,12,2012,3,0,0
NA,Imperial County,12,2013,2,0,0
NA,Imperial County,12,2014,4,1,1
NA,Imperial County,12,2015,5,1,0
NA,Imperial County,12,2019,1,0,0
NA,Inyo County,1,2010,14,7,1
NA,Inyo County,1,2011,2,0,0
NA,Inyo County,1,2012,2,1,0
NA,Inyo County,1,2013,1,1,0
NA,Inyo County,1,2014,0,1,0
NA,Inyo County,1,2015,3,0,0
NA,Inyo County,1,2016,0,1,0
NA,Inyo County,1,2017,2,0,0
NA,Inyo County,1,2018,1,1,0
NA,Inyo County,1,2019,2,0,0
NA,Inyo County,1,2020,6,0,0
NA,Inyo County,2,2010,11,5,0
NA,Inyo County,2,2011,2,1,0
NA,Inyo County,2,2012,6,0,0
NA,Inyo County,2,2013,3,0,0
NA,Inyo County,2,2015,5,1,0
NA,Inyo County,2,2016,8,2,2
NA,Inyo County,2,2018,1,2,0
NA,Inyo County,2,2019,1,0,0
NA,Inyo County,2,2020,5,4,0
NA,Inyo County,3,2010,11,6,0
NA,Inyo County,3,2011,3,3,0
NA,Inyo County,3,2012,3,0,0
NA,Inyo County,3,2013,2,0,1
NA,Inyo County,3,2014,11,5,1
NA,Inyo County,3,2015,3,0,0
NA,Inyo County,3,2016,4,0,0
NA,Inyo County,3,2017,1,0,0
NA,Inyo County,3,2018,3,0,0
NA,Inyo County,3,2019,4,1,0
NA,Inyo County,3,2020,9,5,1
NA,Inyo County,4,2010,4,0,0
NA,Inyo County,4,2011,2,2,0
NA,Inyo County,4,2012,1,0,0
NA,Inyo County,4,2013,6,0,0
NA,Inyo County,4,2014,1,0,0
NA,Inyo County,4,2015,4,1,0
NA,Inyo County,4,2016,0,1,0
NA,Inyo County,4,2017,5,0,0
NA,Inyo County,4,2019,8,3,0
NA,Inyo County,4,2020,7,4,0
NA,Inyo County,5,2010,2,2,0
NA,Inyo County,5,2011,3,3,1
NA,Inyo County,5,2012,1,2,0
NA,Inyo County,5,2013,1,1,0
NA,Inyo County,5,2014,2,0,0
NA,Inyo County,5,2015,6,0,0
NA,Inyo County,5,2016,1,1,0
NA,Inyo County,5,2017,0,2,0
NA,Inyo County,5,2019,8,1,0
NA,Inyo County,5,2020,8,4,0
NA,Inyo County,6,2010,1,0,0
NA,Inyo County,6,2011,0,1,0
NA,Inyo County,6,2013,2,1,0
NA,Inyo County,6,2014,3,0,0
NA,Inyo County,6,2015,3,4,0
NA,Inyo County,6,2016,2,0,0
NA,Inyo County,6,2017,2,1,0
NA,Inyo County,6,2018,1,0,0
NA,Inyo County,6,2019,3,1,0
NA,Inyo County,6,2020,42,23,4
NA,Inyo County,7,2010,1,1,0
NA,Inyo County,7,2011,4,0,0
NA,Inyo County,7,2012,3,0,0
NA,Inyo County,7,2013,1,0,0
NA,Inyo County,7,2014,5,4,0
NA,Inyo County,7,2015,3,0,0
NA,Inyo County,7,2016,0,1,0
NA,Inyo County,7,2017,1,0,0
NA,Inyo County,7,2018,1,0,1
NA,Inyo County,7,2019,668,403,41
NA,Inyo County,7,2020,12,3,0
NA,Inyo County,8,2010,1,0,0
NA,Inyo County,8,2011,2,1,0
NA,Inyo County,8,2012,4,3,0
NA,Inyo County,8,2013,2,2,0
NA,Inyo County,8,2014,3,1,0
NA,Inyo County,8,2015,1,0,0
NA,Inyo County,8,2016,1,1,0
NA,Inyo County,8,2017,4,0,1
NA,Inyo County,8,2019,59,19,2
NA,Inyo County,8,2020,8,1,1
NA,Inyo County,9,2010,5,1,0
NA,Inyo County,9,2011,3,2,0
NA,Inyo County,9,2012,1,1,0
NA,Inyo County,9,2013,3,1,0
NA,Inyo County,9,2014,0,1,0
NA,Inyo County,9,2016,0,2,0
NA,Inyo County,9,2017,2,2,0
NA,Inyo County,9,2019,15,6,0
NA,Inyo County,10,2010,11,0,0
NA,Inyo County,10,2011,3,1,0
NA,Inyo County,10,2012,3,1,0
NA,Inyo County,10,2013,4,1,0
NA,Inyo County,10,2014,0,1,0
NA,Inyo County,10,2015,1,0,0
NA,Inyo County,10,2016,1,0,0
NA,Inyo County,10,2018,0,2,0
NA,Inyo County,10,2019,8,1,0
NA,Inyo County,11,2010,2,1,0
NA,Inyo County,11,2012,5,1,0
NA,Inyo County,11,2013,2,0,0
NA,Inyo County,11,2014,3,0,0
NA,Inyo County,11,2015,1,0,0
NA,Inyo County,11,2016,4,0,0
NA,Inyo County,11,2017,3,0,0
NA,Inyo County,11,2018,2,0,0
NA,Inyo County,11,2019,12,4,0
NA,Inyo County,12,2010,4,1,0
NA,Inyo County,12,2012,6,1,0
NA,Inyo County,12,2013,8,4,1
NA,Inyo County,12,2014,2,2,0
NA,Inyo County,12,2015,4,2,0
NA,Inyo County,12,2017,2,0,0
NA,Inyo County,12,2018,2,1,0
NA,Inyo County,12,2019,17,3,0
NA,Kern County,1,2011,0,1,0
NA,Kern County,1,2013,1,1,0
NA,Kern County,1,2014,1,1,0
NA,Kern County,1,2015,3,0,0
NA,Kern County,1,2016,2,2,0
NA,Kern County,1,2017,1,0,0
NA,Kern County,1,2018,1,0,0
NA,Kern County,1,2019,1,1,0
NA,Kern County,1,2020,6,0,0
NA,Kern County,2,2010,2,0,0
NA,Kern County,2,2011,1,0,0
NA,Kern County,2,2012,1,0,0
NA,Kern County,2,2014,2,2,0
NA,Kern County,2,2015,1,0,0
NA,Kern County,2,2016,4,3,1
NA,Kern County,2,2018,1,0,0
NA,Kern County,2,2019,0,1,0
NA,Kern County,2,2020,1,1,0
NA,Kern County,3,2010,4,0,0
NA,Kern County,3,2011,2,1,0
NA,Kern County,3,2014,2,0,0
NA,Kern County,3,2015,0,1,0
NA,Kern County,3,2016,3,1,0
NA,Kern County,3,2018,0,1,0
NA,Kern County,3,2020,2,0,0
NA,Kern County,4,2010,1,0,0
NA,Kern County,4,2011,2,0,0
NA,Kern County,4,2012,1,1,0
NA,Kern County,4,2013,0,1,0
NA,Kern County,4,2014,2,1,1
NA,Kern County,4,2015,2,0,0
NA,Kern County,4,2016,1,0,0
NA,Kern County,4,2017,1,1,0
NA,Kern County,4,2018,0,2,0
NA,Kern County,4,2019,2,1,0
NA,Kern County,4,2020,2,1,0
NA,Kern County,5,2010,3,1,1
NA,Kern County,5,2011,1,0,0
NA,Kern County,5,2012,0,1,0
NA,Kern County,5,2013,0,1,0
NA,Kern County,5,2014,1,1,0
NA,Kern County,5,2015,0,1,0
NA,Kern County,5,2016,1,0,0
NA,Kern County,5,2017,0,1,0
NA,Kern County,5,2018,2,0,0
NA,Kern County,5,2019,1,0,0
NA,Kern County,5,2020,3,0,0
NA,Kern County,6,2010,4,2,0
NA,Kern County,6,2013,1,0,0
NA,Kern County,6,2014,1,3,0
NA,Kern County,6,2015,2,1,0
NA,Kern County,6,2016,1,0,0
NA,Kern County,6,2017,2,1,0
NA,Kern County,6,2018,2,0,0
NA,Kern County,6,2020,3,0,0
NA,Kern County,7,2010,1,1,0
NA,Kern County,7,2011,0,1,0
NA,Kern County,7,2013,4,1,1
NA,Kern County,7,2014,3,0,0
NA,Kern County,7,2016,2,0,0
NA,Kern County,7,2017,3,2,0
NA,Kern County,7,2018,4,0,0
NA,Kern County,7,2019,16,10,0
NA,Kern County,7,2020,0,1,0
NA,Kern County,8,2011,0,0,0
NA,Kern County,8,2012,6,0,0
NA,Kern County,8,2013,4,2,1
NA,Kern County,8,2014,1,0,0
NA,Kern County,8,2015,2,0,0
NA,Kern County,8,2016,1,0,0
NA,Kern County,8,2017,1,0,0
NA,Kern County,8,2018,1,0,0
NA,Kern County,8,2019,3,0,0
NA,Kern County,8,2020,1,0,0
NA,Kern County,9,2011,1,0,0
NA,Kern County,9,2012,1,0,0
NA,Kern County,9,2013,1,0,0
NA,Kern County,9,2014,0,1,0
NA,Kern County,9,2015,2,0,0
NA,Kern County,9,2016,1,0,0
NA,Kern County,9,2017,0,1,0
NA,Kern County,9,2018,1,1,0
NA,Kern County,9,2019,2,0,0
NA,Kern County,10,2010,0,1,0
NA,Kern County,10,2011,1,1,0
NA,Kern County,10,2012,2,0,0
NA,Kern County,10,2013,0,1,0
NA,Kern County,10,2016,1,0,0
NA,Kern County,10,2018,0,0,0
NA,Kern County,10,2019,1,0,0
NA,Kern County,11,2010,1,0,0
NA,Kern County,11,2011,2,0,0
NA,Kern County,11,2012,1,0,0
NA,Kern County,11,2013,2,0,0
NA,Kern County,11,2015,2,0,0
NA,Kern County,11,2016,3,0,0
NA,Kern County,11,2017,3,0,0
NA,Kern County,11,2018,1,0,0
NA,Kern County,12,2012,1,0,0
NA,Kern County,12,2013,1,0,0
NA,Kern County,12,2016,1,0,0
NA,Kern County,12,2018,1,0,0
NA,Kern County,12,2019,2,0,0
NA,Kings County,1,2011,1,0,0
NA,Kings County,1,2013,1,0,0
NA,Kings County,1,2018,2,0,0
NA,Kings County,2,2018,1,1,0
NA,Kings County,2,2019,1,0,0
NA,Kings County,3,2011,1,0,0
NA,Kings County,3,2016,1,0,0
NA,Kings County,3,2017,1,1,0
NA,Kings County,4,2014,1,0,0
NA,Kings County,4,2015,1,0,0
NA,Kings County,5,2013,1,0,0
NA,Kings County,5,2016,1,0,0
NA,Kings County,6,2014,7,3,0
NA,Kings County,6,2016,1,0,0
NA,Kings County,7,2014,4,0,0
NA,Kings County,7,2017,1,0,0
NA,Kings County,7,2019,0,0,0
NA,Kings County,8,2010,1,0,0
NA,Kings County,8,2011,1,0,0
NA,Kings County,8,2014,2,0,0
NA,Kings County,8,2015,1,0,0
NA,Kings County,8,2018,1,0,0
NA,Kings County,8,2019,2,0,0
NA,Kings County,9,2012,2,0,0
NA,Kings County,9,2014,1,0,0
NA,Kings County,10,2010,1,0,0
NA,Kings County,10,2011,1,1,0
NA,Kings County,10,2014,1,0,0
NA,Kings County,10,2015,1,0,0
NA,Kings County,10,2019,0,0,0
NA,Kings County,11,2017,1,0,0
NA,Kings County,11,2019,1,1,0
NA,Kings County,12,2013,3,0,0
NA,Kings County,12,2014,3,0,0
NA,Kings County,12,2017,2,0,0
NA,Kings County,12,2019,4,0,0
NA,Lake County,1,2010,4,0,0
NA,Lake County,1,2011,1,0,0
NA,Lake County,1,2012,2,1,0
NA,Lake County,1,2013,4,0,0
NA,Lake County,1,2014,4,1,0
NA,Lake County,1,2016,1,0,0
NA,Lake County,1,2017,1,0,0
NA,Lake County,1,2018,3,0,1
NA,Lake County,2,2011,4,0,2
NA,Lake County,2,2012,1,0,1
NA,Lake County,2,2013,1,0,0
NA,Lake County,2,2014,1,0,0
NA,Lake County,2,2016,1,0,0
NA,Lake County,2,2017,0,0,1
NA,Lake County,2,2019,2,0,0
NA,Lake County,2,2020,2,1,0
NA,Lake County,3,2010,2,1,0
NA,Lake County,3,2011,3,1,0
NA,Lake County,3,2012,2,1,0
NA,Lake County,3,2013,3,0,0
NA,Lake County,3,2014,1,0,0
NA,Lake County,3,2015,1,0,0
NA,Lake County,3,2016,2,1,0
NA,Lake County,3,2017,2,0,0
NA,Lake County,3,2018,1,0,0
NA,Lake County,3,2019,0,0,0
NA,Lake County,4,2010,0,1,0
NA,Lake County,4,2011,3,0,0
NA,Lake County,4,2012,1,0,0
NA,Lake County,4,2013,2,0,0
NA,Lake County,4,2014,1,1,0
NA,Lake County,4,2015,5,3,0
NA,Lake County,4,2017,2,1,0
NA,Lake County,4,2018,1,1,0
NA,Lake County,4,2019,2,0,0
NA,Lake County,5,2010,0,0,0
NA,Lake County,5,2011,2,2,0
NA,Lake County,5,2012,3,0,0
NA,Lake County,5,2014,2,0,0
NA,Lake County,5,2015,1,0,0
NA,Lake County,5,2016,1,0,0
NA,Lake County,5,2017,2,0,0
NA,Lake County,5,2018,1,0,0
NA,Lake County,6,2010,1,0,0
NA,Lake County,6,2011,2,0,0
NA,Lake County,6,2012,1,0,0
NA,Lake County,6,2013,0,1,0
NA,Lake County,6,2015,2,0,0
NA,Lake County,6,2016,3,1,0
NA,Lake County,6,2017,1,0,0
NA,Lake County,6,2018,2,0,0
NA,Lake County,6,2020,3,0,0
NA,Lake County,7,2010,2,0,0
NA,Lake County,7,2011,2,0,0
NA,Lake County,7,2012,1,0,0
NA,Lake County,7,2013,1,0,0
NA,Lake County,7,2014,1,0,0
NA,Lake County,7,2015,2,0,0
NA,Lake County,7,2016,1,0,0
NA,Lake County,7,2018,1,0,0
NA,Lake County,7,2019,1,0,0
NA,Lake County,7,2020,1,0,0
NA,Lake County,8,2010,0,2,0
NA,Lake County,8,2011,3,1,0
NA,Lake County,8,2012,1,1,0
NA,Lake County,8,2013,1,2,0
NA,Lake County,8,2014,2,0,0
NA,Lake County,8,2015,3,1,0
NA,Lake County,8,2016,3,0,1
NA,Lake County,8,2017,1,0,0
NA,Lake County,8,2018,2,0,0
NA,Lake County,8,2019,2,1,0
NA,Lake County,9,2010,2,0,0
NA,Lake County,9,2011,1,0,0
NA,Lake County,9,2012,1,1,0
NA,Lake County,9,2013,1,1,0
NA,Lake County,9,2014,1,0,0
NA,Lake County,9,2015,3,1,0
NA,Lake County,9,2016,2,0,0
NA,Lake County,9,2017,2,0,0
NA,Lake County,9,2018,1,0,0
NA,Lake County,10,2010,1,1,0
NA,Lake County,10,2011,2,0,0
NA,Lake County,10,2013,2,0,0
NA,Lake County,10,2014,1,0,0
NA,Lake County,10,2015,1,0,0
NA,Lake County,10,2016,2,0,0
NA,Lake County,10,2017,3,0,0
NA,Lake County,10,2018,1,0,0
NA,Lake County,10,2019,2,0,0
NA,Lake County,11,2010,1,0,0
NA,Lake County,11,2012,3,0,0
NA,Lake County,11,2013,2,0,0
NA,Lake County,11,2014,2,0,0
NA,Lake County,11,2015,2,0,0
NA,Lake County,11,2016,1,1,0
NA,Lake County,11,2019,1,0,0
NA,Lake County,12,2010,0,1,0
NA,Lake County,12,2011,3,0,0
NA,Lake County,12,2012,1,0,0
NA,Lake County,12,2013,3,0,0
NA,Lake County,12,2014,1,0,0
NA,Lake County,12,2015,1,0,0
NA,Lake County,12,2016,2,0,0
NA,Lake County,12,2018,2,0,0
NA,Lake County,12,2019,0,1,0
NA,Lassen County,2,2010,1,0,0
NA,Lassen County,3,2011,1,2,0
NA,Lassen County,3,2017,2,0,0
NA,Lassen County,4,2019,1,0,0
NA,Lassen County,5,2016,1,0,0
NA,Lassen County,7,2012,1,0,0
NA,Lassen County,7,2013,1,0,0
NA,Lassen County,8,2016,2,3,1
NA,Lassen County,9,2014,1,0,0
NA,Lassen County,9,2017,1,0,0
NA,Lassen County,10,2016,1,0,0
NA,Lassen County,11,2018,1,0,0
NA,Lassen County,12,2017,2,0,0
NA,Los Angeles County,1,2012,2,0,0
NA,Los Angeles County,1,2015,1,1,1
NA,Los Angeles County,1,2016,1,0,0
NA,Los Angeles County,1,2019,1,0,0
NA,Los Angeles County,2,2012,1,0,0
NA,Los Angeles County,2,2013,1,0,0
NA,Los Angeles County,2,2017,1,0,0
NA,Los Angeles County,2,2019,3,1,0
NA,Los Angeles County,3,2011,0,1,0
NA,Los Angeles County,3,2012,0,0,0
NA,Los Angeles County,3,2014,1,1,1
NA,Los Angeles County,3,2019,1,0,0
NA,Los Angeles County,4,2010,1,0,0
NA,Los Angeles County,4,2013,1,0,0
NA,Los Angeles County,4,2014,0,0,0
NA,Los Angeles County,4,2015,1,1,0
NA,Los Angeles County,4,2016,3,1,0
NA,Los Angeles County,5,2010,2,0,0
NA,Los Angeles County,5,2013,1,1,0
NA,Los Angeles County,5,2015,1,0,0
NA,Los Angeles County,5,2018,2,3,0
NA,Los Angeles County,6,2010,0,1,0
NA,Los Angeles County,6,2014,1,0,0
NA,Los Angeles County,6,2016,1,0,0
NA,Los Angeles County,6,2019,3,2,2
NA,Los Angeles County,7,2015,1,0,0
NA,Los Angeles County,7,2017,0,0,0
NA,Los Angeles County,8,2010,1,0,0
NA,Los Angeles County,8,2011,1,0,0
NA,Los Angeles County,8,2012,1,0,0
NA,Los Angeles County,8,2013,1,0,0
NA,Los Angeles County,8,2014,1,1,0
NA,Los Angeles County,8,2015,1,0,0
NA,Los Angeles County,8,2016,1,0,0
NA,Los Angeles County,8,2019,1,0,0
NA,Los Angeles County,9,2011,2,1,1
NA,Los Angeles County,9,2017,1,0,0
NA,Los Angeles County,9,2019,1,0,0
NA,Los Angeles County,10,2012,0,1,0
NA,Los Angeles County,10,2015,0,1,0
NA,Los Angeles County,10,2018,1,0,0
NA,Los Angeles County,11,2012,1,1,0
NA,Los Angeles County,11,2015,0,1,0
NA,Los Angeles County,11,2016,1,0,0
NA,Los Angeles County,11,2017,1,0,0
NA,Los Angeles County,12,2010,0,2,0
NA,Los Angeles County,12,2011,1,0,0
NA,Los Angeles County,12,2013,1,0,0
NA,Los Angeles County,12,2014,0,1,0
NA,Los Angeles County,12,2015,2,0,0
NA,Los Angeles County,12,2017,1,1,0
NA,Madera County,1,2013,1,0,0
NA,Madera County,1,2020,1,0,0
NA,Madera County,2,2015,1,0,0
NA,Madera County,3,2010,1,0,0
NA,Madera County,3,2014,3,0,0
NA,Madera County,3,2015,1,0,0
NA,Madera County,5,2020,1,0,0
NA,Madera County,6,2010,1,0,0
NA,Madera County,6,2014,2,0,0
NA,Madera County,6,2015,1,0,0
NA,Madera County,6,2017,1,0,0
NA,Madera County,7,2012,1,0,0
NA,Madera County,7,2015,1,0,0
NA,Madera County,8,2012,1,0,0
NA,Madera County,9,2011,0,1,0
NA,Madera County,9,2015,2,0,0
NA,Madera County,9,2016,6,2,0
NA,Madera County,10,2016,1,0,0
NA,Madera County,10,2017,1,0,0
NA,Madera County,10,2018,1,0,0
NA,Madera County,11,2012,1,0,0
NA,Madera County,11,2016,1,0,0
NA,Madera County,12,2013,1,0,0
NA,Madera County,12,2014,1,0,0
NA,Madera County,12,2015,2,0,0
NA,Marin County,3,2019,1,0,0
NA,Marin County,7,2016,1,0,0
NA,Marin County,7,2018,0,1,0
NA,Mariposa County,1,2016,1,0,0
NA,Mariposa County,1,2020,1,0,0
NA,Mariposa County,3,2020,1,0,0
NA,Mariposa County,7,2010,1,0,0
NA,Mariposa County,8,2012,1,0,0
NA,Mariposa County,8,2014,3,0,0
NA,Mariposa County,10,2014,1,0,0
NA,Mariposa County,10,2015,1,0,0
NA,Mariposa County,11,2011,1,0,0
NA,Mariposa County,12,2019,0,0,0
NA,Mendocino County,1,2010,1,0,0
NA,Mendocino County,1,2013,0,2,0
NA,Mendocino County,1,2015,1,1,0
NA,Mendocino County,1,2016,1,0,0
NA,Mendocino County,1,2018,1,0,0
NA,Mendocino County,1,2019,1,0,0
NA,Mendocino County,1,2020,0,1,0
NA,Mendocino County,2,2011,1,0,0
NA,Mendocino County,2,2012,1,0,0
NA,Mendocino County,2,2013,0,1,0
NA,Mendocino County,2,2014,2,0,0
NA,Mendocino County,2,2015,2,0,0
NA,Mendocino County,2,2017,2,0,0
NA,Mendocino County,2,2018,1,0,0
NA,Mendocino County,2,2019,1,0,0
NA,Mendocino County,2,2020,2,0,0
NA,Mendocino County,3,2010,3,0,0
NA,Mendocino County,3,2011,0,1,0
NA,Mendocino County,3,2013,0,0,0
NA,Mendocino County,3,2015,2,0,0
NA,Mendocino County,3,2017,2,0,0
NA,Mendocino County,3,2019,1,0,0
NA,Mendocino County,3,2020,1,0,0
NA,Mendocino County,4,2010,1,0,0
NA,Mendocino County,4,2013,1,1,0
NA,Mendocino County,4,2016,3,0,0
NA,Mendocino County,4,2018,1,0,0
NA,Mendocino County,4,2019,1,0,1
NA,Mendocino County,4,2020,1,0,0
NA,Mendocino County,5,2010,0,1,0
NA,Mendocino County,5,2011,3,1,0
NA,Mendocino County,5,2012,2,0,0
NA,Mendocino County,5,2013,3,0,0
NA,Mendocino County,5,2015,1,0,0
NA,Mendocino County,5,2017,0,1,0
NA,Mendocino County,5,2019,5,0,0
NA,Mendocino County,6,2010,2,0,0
NA,Mendocino County,6,2011,1,0,0
NA,Mendocino County,6,2012,1,1,0
NA,Mendocino County,6,2014,1,0,0
NA,Mendocino County,6,2015,1,0,0
NA,Mendocino County,6,2018,0,1,0
NA,Mendocino County,6,2019,3,1,0
NA,Mendocino County,6,2020,1,0,0
NA,Mendocino County,7,2010,1,1,0
NA,Mendocino County,7,2012,0,1,1
NA,Mendocino County,7,2014,1,0,0
NA,Mendocino County,7,2015,1,1,0
NA,Mendocino County,7,2016,2,0,0
NA,Mendocino County,7,2017,1,0,0
NA,Mendocino County,7,2019,1,0,0
NA,Mendocino County,7,2020,2,0,0
NA,Mendocino County,8,2010,2,0,0
NA,Mendocino County,8,2012,2,0,0
NA,Mendocino County,8,2015,2,1,0
NA,Mendocino County,8,2020,5,3,1
NA,Mendocino County,9,2012,3,1,1
NA,Mendocino County,9,2013,1,0,0
NA,Mendocino County,9,2014,0,1,0
NA,Mendocino County,9,2019,1,1,0
NA,Mendocino County,10,2012,1,0,0
NA,Mendocino County,10,2013,1,1,0
NA,Mendocino County,10,2014,0,1,0
NA,Mendocino County,10,2017,0,1,0
NA,Mendocino County,10,2019,1,0,0
NA,Mendocino County,11,2010,2,0,0
NA,Mendocino County,11,2011,1,0,0
NA,Mendocino County,11,2012,0,1,0
NA,Mendocino County,11,2016,3,1,0
NA,Mendocino County,11,2017,0,0,0
NA,Mendocino County,11,2018,0,1,0
NA,Mendocino County,11,2019,1,1,0
NA,Mendocino County,12,2010,3,0,0
NA,Mendocino County,12,2012,1,0,0
NA,Mendocino County,12,2013,1,0,0
NA,Mendocino County,12,2015,0,0,0
NA,Mendocino County,12,2017,0,0,1
NA,Mendocino County,12,2019,1,0,0
NA,Merced County,2,2014,1,0,0
NA,Merced County,2,2019,1,0,0
NA,Merced County,3,2013,2,0,0
NA,Merced County,3,2016,0,1,0
NA,Merced County,3,2020,2,0,0
NA,Merced County,6,2016,1,0,0
NA,Merced County,7,2016,0,1,0
NA,Merced County,8,2013,1,0,0
NA,Merced County,10,2019,2,1,0
NA,Merced County,11,2016,1,0,0
NA,Modoc County,3,2011,1,0,0
NA,Modoc County,4,2016,1,0,0
NA,Modoc County,7,2015,1,0,0
NA,Modoc County,8,2011,0,1,0
NA,Modoc County,9,2015,0,1,0
NA,Mono County,1,2010,1,0,0
NA,Mono County,1,2011,1,0,0
NA,Mono County,1,2012,5,0,0
NA,Mono County,1,2013,1,0,0
NA,Mono County,1,2014,2,0,0
NA,Mono County,1,2015,1,1,0
NA,Mono County,1,2016,1,0,0
NA,Mono County,1,2017,2,1,0
NA,Mono County,1,2018,2,0,0
NA,Mono County,1,2019,1,1,0
NA,Mono County,1,2020,1,0,0
NA,Mono County,2,2011,2,0,0
NA,Mono County,2,2012,2,0,0
NA,Mono County,2,2013,1,0,0
NA,Mono County,2,2014,1,0,0
NA,Mono County,2,2015,3,0,0
NA,Mono County,2,2016,7,2,0
NA,Mono County,2,2018,2,0,0
NA,Mono County,2,2019,3,0,0
NA,Mono County,2,2020,1,0,1
NA,Mono County,3,2010,2,0,0
NA,Mono County,3,2011,1,0,0
NA,Mono County,3,2012,1,0,0
NA,Mono County,3,2013,0,2,0
NA,Mono County,3,2014,2,0,0
NA,Mono County,3,2015,4,0,0
NA,Mono County,3,2016,1,0,0
NA,Mono County,3,2018,2,0,0
NA,Mono County,3,2019,1,0,0
NA,Mono County,3,2020,2,0,0
NA,Mono County,4,2010,1,1,0
NA,Mono County,4,2011,3,0,0
NA,Mono County,4,2012,2,0,0
NA,Mono County,4,2013,1,1,0
NA,Mono County,4,2015,2,0,0
NA,Mono County,4,2016,2,0,0
NA,Mono County,4,2017,7,0,0
NA,Mono County,4,2018,1,1,0
NA,Mono County,4,2019,1,0,0
NA,Mono County,4,2020,59,19,2
NA,Mono County,5,2010,4,3,0
NA,Mono County,5,2011,4,0,0
NA,Mono County,5,2012,1,0,0
NA,Mono County,5,2014,2,1,0
NA,Mono County,5,2015,7,0,0
NA,Mono County,5,2017,1,0,0
NA,Mono County,5,2018,1,0,0
NA,Mono County,5,2019,1,0,0
NA,Mono County,5,2020,10,7,1
NA,Mono County,6,2010,1,0,0
NA,Mono County,6,2012,0,1,0
NA,Mono County,6,2013,4,0,0
NA,Mono County,6,2015,0,1,0
NA,Mono County,6,2017,5,0,0
NA,Mono County,6,2018,1,0,0
NA,Mono County,6,2019,4,0,0
NA,Mono County,6,2020,13,2,0
NA,Mono County,7,2010,4,2,0
NA,Mono County,7,2011,1,0,0
NA,Mono County,7,2012,2,0,0
NA,Mono County,7,2013,2,0,0
NA,Mono County,7,2014,4,0,0
NA,Mono County,7,2015,2,0,0
NA,Mono County,7,2017,17,2,0
NA,Mono County,7,2018,2,0,0
NA,Mono County,7,2019,3,1,0
NA,Mono County,7,2020,8,4,0
NA,Mono County,8,2010,3,1,0
NA,Mono County,8,2011,2,1,1
NA,Mono County,8,2012,0,0,0
NA,Mono County,8,2013,1,0,0
NA,Mono County,8,2014,1,0,0
NA,Mono County,8,2015,1,1,0
NA,Mono County,8,2016,12,4,0
NA,Mono County,8,2017,11,1,0
NA,Mono County,8,2018,5,0,0
NA,Mono County,8,2019,3,0,0
NA,Mono County,8,2020,3,1,0
NA,Mono County,9,2010,4,0,0
NA,Mono County,9,2011,3,1,0
NA,Mono County,9,2012,1,0,0
NA,Mono County,9,2014,25,4,0
NA,Mono County,9,2015,6,1,0
NA,Mono County,9,2016,0,1,0
NA,Mono County,9,2017,6,1,0
NA,Mono County,9,2019,10,0,0
NA,Mono County,10,2010,6,1,1
NA,Mono County,10,2011,2,1,0
NA,Mono County,10,2012,1,0,0
NA,Mono County,10,2013,3,3,0
NA,Mono County,10,2014,13,3,0
NA,Mono County,10,2015,1,0,0
NA,Mono County,10,2016,1,1,0
NA,Mono County,10,2017,5,0,0
NA,Mono County,10,2018,1,0,0
NA,Mono County,10,2019,1,0,0
NA,Mono County,11,2010,2,0,0
NA,Mono County,11,2011,4,1,0
NA,Mono County,11,2012,1,0,0
NA,Mono County,11,2013,3,0,0
NA,Mono County,11,2014,8,0,0
NA,Mono County,11,2015,4,0,0
NA,Mono County,11,2016,4,0,0
NA,Mono County,11,2017,11,2,0
NA,Mono County,11,2019,5,2,0
NA,Mono County,12,2011,4,0,0
NA,Mono County,12,2013,2,0,0
NA,Mono County,12,2014,7,2,0
NA,Mono County,12,2015,2,0,0
NA,Mono County,12,2016,8,1,0
NA,Mono County,12,2017,1,4,0
NA,Mono County,12,2018,1,0,0
NA,Mono County,12,2019,3,1,0
NA,Monterey County,1,2011,1,0,0
NA,Monterey County,1,2013,2,1,0
NA,Monterey County,1,2016,0,1,0
NA,Monterey County,1,2017,2,0,0
NA,Monterey County,1,2019,4,0,0
NA,Monterey County,1,2020,1,1,0
NA,Monterey County,2,2010,0,1,0
NA,Monterey County,2,2011,2,1,0
NA,Monterey County,2,2012,2,0,0
NA,Monterey County,2,2013,1,0,0
NA,Monterey County,2,2014,1,2,0
NA,Monterey County,2,2016,2,0,0
NA,Monterey County,2,2018,1,0,0
NA,Monterey County,2,2019,0,0,0
NA,Monterey County,2,2020,1,0,0
NA,Monterey County,3,2010,0,1,0
NA,Monterey County,3,2012,1,0,0
NA,Monterey County,3,2013,1,0,0
NA,Monterey County,3,2014,0,2,0
NA,Monterey County,3,2015,1,0,0
NA,Monterey County,3,2016,1,0,0
NA,Monterey County,3,2017,1,0,0
NA,Monterey County,3,2018,3,0,0
NA,Monterey County,3,2019,1,0,0
NA,Monterey County,3,2020,1,0,0
NA,Monterey County,4,2010,0,1,0
NA,Monterey County,4,2011,1,1,0
NA,Monterey County,4,2013,1,0,0
NA,Monterey County,4,2015,1,0,0
NA,Monterey County,4,2017,1,0,0
NA,Monterey County,4,2018,1,1,0
NA,Monterey County,4,2019,1,2,0
NA,Monterey County,5,2012,1,0,0
NA,Monterey County,5,2013,1,0,0
NA,Monterey County,5,2014,1,0,0
NA,Monterey County,5,2016,1,1,0
NA,Monterey County,5,2020,3,1,0
NA,Monterey County,6,2012,2,0,0
NA,Monterey County,6,2013,1,0,0
NA,Monterey County,6,2014,1,0,0
NA,Monterey County,6,2015,1,0,0
NA,Monterey County,6,2016,3,0,0
NA,Monterey County,6,2018,1,0,0
NA,Monterey County,6,2020,2,0,0
NA,Monterey County,7,2011,1,0,0
NA,Monterey County,7,2017,1,0,0
NA,Monterey County,7,2019,0,1,0
NA,Monterey County,7,2020,0,1,0
NA,Monterey County,8,2010,1,2,0
NA,Monterey County,8,2012,0,1,1
NA,Monterey County,8,2013,1,1,0
NA,Monterey County,8,2014,3,1,0
NA,Monterey County,8,2016,1,0,0
NA,Monterey County,8,2018,1,1,0
NA,Monterey County,8,2020,1,1,0
NA,Monterey County,9,2010,2,0,0
NA,Monterey County,9,2013,1,0,0
NA,Monterey County,9,2014,1,0,0
NA,Monterey County,9,2015,2,0,0
NA,Monterey County,9,2019,1,0,0
NA,Monterey County,10,2012,2,0,0
NA,Monterey County,10,2013,1,0,0
NA,Monterey County,10,2015,1,1,0
NA,Monterey County,10,2016,0,1,0
NA,Monterey County,10,2017,1,0,0
NA,Monterey County,10,2018,1,1,0
NA,Monterey County,11,2011,1,0,0
NA,Monterey County,11,2012,1,0,0
NA,Monterey County,11,2013,3,1,0
NA,Monterey County,11,2014,1,0,0
NA,Monterey County,11,2016,2,0,0
NA,Monterey County,11,2017,3,0,0
NA,Monterey County,12,2012,1,1,0
NA,Monterey County,12,2013,1,0,0
NA,Monterey County,12,2014,1,0,0
NA,Monterey County,12,2015,2,0,0
NA,Monterey County,12,2016,1,0,0
NA,Monterey County,12,2019,1,0,1
NA,Napa County,1,2011,2,0,0
NA,Napa County,1,2015,1,0,0
NA,Napa County,1,2016,1,0,0
NA,Napa County,2,2014,1,0,0
NA,Napa County,2,2015,1,0,0
NA,Napa County,2,2016,1,0,0
NA,Napa County,2,2017,1,1,0
NA,Napa County,2,2019,0,1,0
NA,Napa County,3,2015,1,0,0
NA,Napa County,3,2019,1,0,0
NA,Napa County,4,2012,1,0,0
NA,Napa County,4,2014,0,1,0
NA,Napa County,4,2016,1,0,0
NA,Napa County,5,2013,1,0,0
NA,Napa County,5,2015,1,0,0
NA,Napa County,5,2016,1,0,0
NA,Napa County,5,2017,1,0,0
NA,Napa County,6,2013,1,0,0
NA,Napa County,6,2015,1,0,0
NA,Napa County,6,2019,1,0,0
NA,Napa County,7,2014,1,0,0
NA,Napa County,7,2016,1,0,0
NA,Napa County,7,2017,1,1,0
NA,Napa County,8,2012,1,0,0
NA,Napa County,8,2014,8,6,1
NA,Napa County,8,2020,1,0,0
NA,Napa County,9,2011,0,1,0
NA,Napa County,9,2014,5,0,0
NA,Napa County,9,2015,1,0,0
NA,Napa County,9,2017,2,0,0
NA,Napa County,10,2012,1,0,0
NA,Napa County,10,2014,1,0,0
NA,Napa County,10,2016,1,0,0
NA,Napa County,11,2014,1,0,0
NA,Napa County,12,2013,0,1,0
NA,Napa County,12,2014,1,0,0
NA,Napa County,12,2016,1,0,0
NA,Nevada County,2,2018,1,0,0
NA,Nevada County,4,2012,1,0,0
NA,Nevada County,4,2015,1,1,0
NA,Nevada County,5,2013,1,0,0
NA,Nevada County,6,2018,1,0,0
NA,Nevada County,6,2019,2,0,0
NA,Nevada County,6,2020,1,0,0
NA,Nevada County,7,2020,1,0,0
NA,Nevada County,10,2010,0,0,0
NA,Nevada County,10,2016,1,0,0
NA,Nevada County,11,2011,1,0,0
NA,Nevada County,11,2013,1,0,0
NA,Nevada County,12,2011,0,0,0
NA,Nevada County,12,2014,1,0,0
NA,Orange County,1,2014,0,1,0
NA,Orange County,1,2019,0,1,0
NA,Orange County,1,2020,1,1,0
NA,Orange County,3,2016,1,1,0
NA,Orange County,5,2012,1,0,0
NA,Orange County,5,2015,0,0,0
NA,Orange County,5,2016,1,0,0
NA,Orange County,5,2017,1,0,0
NA,Orange County,5,2019,1,0,0
NA,Orange County,6,2012,0,1,0
NA,Orange County,6,2016,1,0,0
NA,Orange County,8,2011,1,0,0
NA,Orange County,9,2013,1,0,0
NA,Orange County,10,2013,3,0,0
NA,Orange County,10,2014,1,0,0
NA,Orange County,12,2017,1,0,0
NA,Placer County,1,2011,1,0,0
NA,Placer County,2,2020,1,0,0
NA,Placer County,4,2014,1,0,0
NA,Placer County,5,2016,1,0,0
NA,Placer County,5,2017,1,0,0
NA,Placer County,5,2020,3,0,0
NA,Placer County,7,2011,1,0,0
NA,Placer County,7,2018,0,1,0
NA,Placer County,8,2010,1,0,0
NA,Placer County,8,2012,1,0,0
NA,Placer County,8,2013,1,0,0
NA,Placer County,8,2018,1,1,0
NA,Placer County,9,2010,1,0,0
NA,Placer County,9,2014,0,1,0
NA,Placer County,10,2014,1,0,0
NA,Placer County,10,2019,0,0,0
NA,Placer County,11,2018,1,0,0
NA,Placer County,11,2019,1,0,0
NA,Placer County,12,2010,0,1,0
NA,Placer County,12,2014,1,0,0
NA,Plumas County,1,2011,0,1,0
NA,Plumas County,1,2012,1,0,0
NA,Plumas County,1,2016,2,0,0
NA,Plumas County,1,2019,2,1,0
NA,Plumas County,2,2010,1,0,0
NA,Plumas County,2,2013,1,0,0
NA,Plumas County,2,2016,2,0,0
NA,Plumas County,2,2018,0,1,0
NA,Plumas County,2,2019,1,0,0
NA,Plumas County,2,2020,1,0,0
NA,Plumas County,3,2010,0,2,0
NA,Plumas County,3,2013,1,0,0
NA,Plumas County,3,2015,1,0,0
NA,Plumas County,3,2017,2,0,0
NA,Plumas County,3,2018,1,0,0
NA,Plumas County,4,2011,0,1,0
NA,Plumas County,4,2012,1,0,0
NA,Plumas County,4,2013,1,0,0
NA,Plumas County,4,2014,1,0,0
NA,Plumas County,4,2016,3,0,0
NA,Plumas County,5,2010,1,0,0
NA,Plumas County,5,2012,1,0,0
NA,Plumas County,5,2013,56,21,4
NA,Plumas County,5,2014,3,1,0
NA,Plumas County,5,2015,1,0,0
NA,Plumas County,5,2020,0,0,0
NA,Plumas County,6,2010,1,0,0
NA,Plumas County,6,2012,1,0,0
NA,Plumas County,6,2013,15,1,0
NA,Plumas County,6,2014,1,0,0
NA,Plumas County,6,2015,2,0,0
NA,Plumas County,6,2018,1,0,0
NA,Plumas County,7,2013,4,2,0
NA,Plumas County,7,2016,1,0,0
NA,Plumas County,7,2018,2,0,0
NA,Plumas County,7,2020,0,0,0
NA,Plumas County,8,2011,1,0,0
NA,Plumas County,8,2012,1,0,0
NA,Plumas County,8,2013,2,3,0
NA,Plumas County,8,2015,1,0,0
NA,Plumas County,8,2016,1,0,0
NA,Plumas County,9,2010,1,0,0
NA,Plumas County,9,2011,1,0,0
NA,Plumas County,9,2013,4,0,0
NA,Plumas County,9,2014,1,0,0
NA,Plumas County,9,2019,1,0,0
NA,Plumas County,10,2013,3,0,0
NA,Plumas County,10,2015,1,0,0
NA,Plumas County,10,2017,1,0,0
NA,Plumas County,11,2010,3,1,0
NA,Plumas County,11,2013,4,0,0
NA,Plumas County,11,2014,2,2,0
NA,Plumas County,11,2015,1,0,0
NA,Plumas County,11,2017,2,0,0
NA,Plumas County,12,2011,1,0,0
NA,Plumas County,12,2013,2,0,0
NA,Plumas County,12,2015,1,0,0
NA,Plumas County,12,2018,4,0,0
NA,Riverside County,1,2010,2,2,1
NA,Riverside County,1,2011,1,1,0
NA,Riverside County,1,2012,1,2,0
NA,Riverside County,1,2014,3,1,0
NA,Riverside County,1,2015,1,0,0
NA,Riverside County,1,2016,0,1,0
NA,Riverside County,1,2017,2,0,0
NA,Riverside County,1,2018,0,2,0
NA,Riverside County,1,2019,3,1,0
NA,Riverside County,1,2020,1,0,0
NA,Riverside County,2,2010,9,0,0
NA,Riverside County,2,2011,6,1,0
NA,Riverside County,2,2012,2,0,0
NA,Riverside County,2,2015,1,1,0
NA,Riverside County,2,2016,1,1,0
NA,Riverside County,2,2017,2,0,0
NA,Riverside County,2,2018,7,1,0
NA,Riverside County,2,2019,1,1,0
NA,Riverside County,2,2020,2,1,0
NA,Riverside County,3,2010,1,0,0
NA,Riverside County,3,2011,4,0,0
NA,Riverside County,3,2013,9,3,1
NA,Riverside County,3,2014,1,0,0
NA,Riverside County,3,2015,4,1,0
NA,Riverside County,3,2016,1,0,0
NA,Riverside County,3,2017,3,0,0
NA,Riverside County,3,2018,1,0,0
NA,Riverside County,3,2019,3,1,0
NA,Riverside County,4,2010,5,0,0
NA,Riverside County,4,2011,6,1,0
NA,Riverside County,4,2012,19,4,0
NA,Riverside County,4,2013,4,1,0
NA,Riverside County,4,2014,2,1,0
NA,Riverside County,4,2015,2,1,0
NA,Riverside County,4,2016,2,0,0
NA,Riverside County,4,2018,5,3,0
NA,Riverside County,4,2019,3,0,0
NA,Riverside County,4,2020,15,11,1
NA,Riverside County,5,2010,3,1,0
NA,Riverside County,5,2011,2,0,0
NA,Riverside County,5,2012,4,1,0
NA,Riverside County,5,2013,2,1,0
NA,Riverside County,5,2014,2,0,0
NA,Riverside County,5,2015,1,1,0
NA,Riverside County,5,2016,1,0,0
NA,Riverside County,5,2017,2,2,0
NA,Riverside County,5,2018,12,3,1
NA,Riverside County,5,2020,4,2,0
NA,Riverside County,6,2010,0,1,0
NA,Riverside County,6,2011,0,2,0
NA,Riverside County,6,2012,3,0,0
NA,Riverside County,6,2013,3,1,0
NA,Riverside County,6,2014,2,0,0
NA,Riverside County,6,2015,2,1,0
NA,Riverside County,6,2016,12,6,1
NA,Riverside County,6,2017,2,4,0
NA,Riverside County,6,2018,3,0,0
NA,Riverside County,6,2019,4,1,0
NA,Riverside County,6,2020,1,0,0
NA,Riverside County,7,2010,6,2,0
NA,Riverside County,7,2011,3,0,0
NA,Riverside County,7,2012,0,1,0
NA,Riverside County,7,2013,3,1,0
NA,Riverside County,7,2014,2,2,0
NA,Riverside County,7,2015,1,0,0
NA,Riverside County,7,2016,1,0,0
NA,Riverside County,7,2017,4,0,0
NA,Riverside County,7,2018,4,0,0
NA,Riverside County,7,2019,1,1,1
NA,Riverside County,7,2020,2,0,0
NA,Riverside County,8,2010,1,1,0
NA,Riverside County,8,2011,2,0,0
NA,Riverside County,8,2012,1,1,0
NA,Riverside County,8,2013,1,1,0
NA,Riverside County,8,2014,2,1,0
NA,Riverside County,8,2015,3,0,0
NA,Riverside County,8,2016,3,1,0
NA,Riverside County,8,2017,2,2,0
NA,Riverside County,8,2018,9,1,1
NA,Riverside County,8,2019,2,1,0
NA,Riverside County,8,2020,1,0,0
NA,Riverside County,9,2010,4,0,0
NA,Riverside County,9,2011,1,0,1
NA,Riverside County,9,2012,4,0,0
NA,Riverside County,9,2013,3,1,0
NA,Riverside County,9,2014,1,1,0
NA,Riverside County,9,2016,0,1,0
NA,Riverside County,9,2017,2,1,0
NA,Riverside County,9,2018,7,2,0
NA,Riverside County,9,2019,0,1,0
NA,Riverside County,10,2011,0,1,0
NA,Riverside County,10,2012,2,1,0
NA,Riverside County,10,2013,3,0,0
NA,Riverside County,10,2014,1,0,0
NA,Riverside County,10,2015,1,0,0
NA,Riverside County,10,2016,3,1,0
NA,Riverside County,10,2017,6,0,0
NA,Riverside County,10,2018,4,1,0
NA,Riverside County,10,2019,4,0,0
NA,Riverside County,11,2010,1,1,0
NA,Riverside County,11,2011,0,0,0
NA,Riverside County,11,2012,4,0,0
NA,Riverside County,11,2013,2,0,0
NA,Riverside County,11,2014,2,1,0
NA,Riverside County,11,2015,0,0,0
NA,Riverside County,11,2016,1,0,0
NA,Riverside County,11,2017,2,2,0
NA,Riverside County,11,2018,4,3,0
NA,Riverside County,11,2019,1,4,0
NA,Riverside County,12,2010,1,1,0
NA,Riverside County,12,2011,1,1,0
NA,Riverside County,12,2012,0,1,0
NA,Riverside County,12,2013,0,1,0
NA,Riverside County,12,2014,0,1,0
NA,Riverside County,12,2015,0,0,0
NA,Riverside County,12,2016,2,0,0
NA,Riverside County,12,2017,2,1,0
NA,Riverside County,12,2018,6,3,0
NA,Riverside County,12,2019,2,0,0
NA,Sacramento County,11,2017,1,0,0
NA,San Benito County,1,2010,3,0,0
NA,San Benito County,1,2011,8,4,1
NA,San Benito County,1,2012,5,1,0
NA,San Benito County,1,2013,8,2,0
NA,San Benito County,1,2014,4,0,0
NA,San Benito County,1,2015,4,0,1
NA,San Benito County,1,2016,6,1,0
NA,San Benito County,1,2017,5,2,0
NA,San Benito County,1,2018,3,1,0
NA,San Benito County,1,2019,1,0,0
NA,San Benito County,1,2020,8,1,0
NA,San Benito County,2,2010,5,2,0
NA,San Benito County,2,2011,2,1,0
NA,San Benito County,2,2012,7,0,0
NA,San Benito County,2,2013,1,0,0
NA,San Benito County,2,2014,2,0,0
NA,San Benito County,2,2015,3,0,0
NA,San Benito County,2,2016,5,0,0
NA,San Benito County,2,2017,4,2,0
NA,San Benito County,2,2018,4,0,0
NA,San Benito County,2,2019,1,1,0
NA,San Benito County,2,2020,3,1,0
NA,San Benito County,3,2010,4,2,0
NA,San Benito County,3,2011,8,2,0
NA,San Benito County,3,2012,8,2,0
NA,San Benito County,3,2013,4,0,0
NA,San Benito County,3,2014,1,0,0
NA,San Benito County,3,2015,1,0,0
NA,San Benito County,3,2016,2,0,0
NA,San Benito County,3,2017,12,3,0
NA,San Benito County,3,2018,6,2,0
NA,San Benito County,3,2019,2,0,0
NA,San Benito County,3,2020,6,0,0
NA,San Benito County,4,2010,1,1,0
NA,San Benito County,4,2011,2,0,0
NA,San Benito County,4,2012,4,1,0
NA,San Benito County,4,2013,9,0,0
NA,San Benito County,4,2014,4,1,0
NA,San Benito County,4,2015,4,0,0
NA,San Benito County,4,2016,2,0,0
NA,San Benito County,4,2017,7,2,0
NA,San Benito County,4,2018,4,1,0
NA,San Benito County,4,2019,4,1,0
NA,San Benito County,4,2020,3,1,0
NA,San Benito County,5,2010,3,0,0
NA,San Benito County,5,2011,6,0,0
NA,San Benito County,5,2013,4,0,0
NA,San Benito County,5,2014,2,0,0
NA,San Benito County,5,2015,7,1,0
NA,San Benito County,5,2016,2,0,0
NA,San Benito County,5,2017,1,1,0
NA,San Benito County,5,2018,2,1,0
NA,San Benito County,5,2019,1,0,0
NA,San Benito County,5,2020,2,2,0
NA,San Benito County,6,2010,5,1,0
NA,San Benito County,6,2011,5,1,0
NA,San Benito County,6,2012,2,0,0
NA,San Benito County,6,2013,2,1,0
NA,San Benito County,6,2014,5,0,0
NA,San Benito County,6,2015,9,1,0
NA,San Benito County,6,2016,0,0,0
NA,San Benito County,6,2017,6,0,0
NA,San Benito County,6,2018,2,0,0
NA,San Benito County,6,2019,5,1,0
NA,San Benito County,6,2020,1,1,0
NA,San Benito County,7,2010,2,1,0
NA,San Benito County,7,2011,9,2,0
NA,San Benito County,7,2012,3,1,0
NA,San Benito County,7,2013,6,2,0
NA,San Benito County,7,2014,7,3,0
NA,San Benito County,7,2015,2,0,0
NA,San Benito County,7,2016,10,5,1
NA,San Benito County,7,2017,3,0,0
NA,San Benito County,7,2018,1,1,0
NA,San Benito County,7,2019,2,1,0
NA,San Benito County,7,2020,8,1,0
NA,San Benito County,8,2010,2,1,0
NA,San Benito County,8,2011,15,7,1
NA,San Benito County,8,2012,2,0,0
NA,San Benito County,8,2013,3,0,0
NA,San Benito County,8,2014,10,2,0
NA,San Benito County,8,2015,4,0,0
NA,San Benito County,8,2016,3,4,0
NA,San Benito County,8,2017,5,0,0
NA,San Benito County,8,2018,4,0,0
NA,San Benito County,8,2019,3,0,0
NA,San Benito County,8,2020,2,0,0
NA,San Benito County,9,2010,1,3,0
NA,San Benito County,9,2011,6,1,0
NA,San Benito County,9,2012,2,0,0
NA,San Benito County,9,2013,3,0,0
NA,San Benito County,9,2014,8,1,1
NA,San Benito County,9,2015,3,0,0
NA,San Benito County,9,2016,1,0,0
NA,San Benito County,9,2017,2,1,0
NA,San Benito County,9,2018,5,0,0
NA,San Benito County,9,2019,6,3,0
NA,San Benito County,10,2010,4,0,0
NA,San Benito County,10,2011,1,0,0
NA,San Benito County,10,2012,6,3,1
NA,San Benito County,10,2013,7,1,0
NA,San Benito County,10,2014,3,0,0
NA,San Benito County,10,2015,2,0,0
NA,San Benito County,10,2016,7,1,0
NA,San Benito County,10,2017,9,2,0
NA,San Benito County,10,2018,3,2,0
NA,San Benito County,10,2019,9,5,1
NA,San Benito County,11,2010,5,2,0
NA,San Benito County,11,2011,5,0,0
NA,San Benito County,11,2012,7,3,0
NA,San Benito County,11,2013,7,0,0
NA,San Benito County,11,2014,4,1,1
NA,San Benito County,11,2015,3,1,0
NA,San Benito County,11,2016,1,1,0
NA,San Benito County,11,2017,17,2,1
NA,San Benito County,11,2018,11,5,1
NA,San Benito County,11,2019,1,1,0
NA,San Benito County,12,2010,3,1,0
NA,San Benito County,12,2011,8,0,0
NA,San Benito County,12,2012,5,1,0
NA,San Benito County,12,2013,5,0,0
NA,San Benito County,12,2014,6,1,0
NA,San Benito County,12,2015,4,0,0
NA,San Benito County,12,2016,2,0,0
NA,San Benito County,12,2017,15,5,0
NA,San Benito County,12,2018,5,1,0
NA,San Benito County,12,2019,4,0,0
NA,San Bernardino County,1,2010,2,2,0
NA,San Bernardino County,1,2011,4,0,0
NA,San Bernardino County,1,2012,2,0,0
NA,San Bernardino County,1,2014,1,0,0
NA,San Bernardino County,1,2015,3,0,0
NA,San Bernardino County,1,2016,15,2,1
NA,San Bernardino County,1,2017,4,0,0
NA,San Bernardino County,1,2018,3,1,0
NA,San Bernardino County,1,2019,0,1,0
NA,San Bernardino County,1,2020,12,2,1
NA,San Bernardino County,2,2010,1,0,0
NA,San Bernardino County,2,2011,3,0,0
NA,San Bernardino County,2,2013,2,1,0
NA,San Bernardino County,2,2015,1,0,0
NA,San Bernardino County,2,2016,7,2,2
NA,San Bernardino County,2,2017,0,2,0
NA,San Bernardino County,2,2018,1,0,0
NA,San Bernardino County,2,2019,8,3,0
NA,San Bernardino County,2,2020,10,3,0
NA,San Bernardino County,3,2010,1,0,0
NA,San Bernardino County,3,2011,4,1,0
NA,San Bernardino County,3,2012,2,0,0
NA,San Bernardino County,3,2013,3,0,0
NA,San Bernardino County,3,2014,1,0,0
NA,San Bernardino County,3,2015,1,1,0
NA,San Bernardino County,3,2016,6,0,0
NA,San Bernardino County,3,2017,4,0,0
NA,San Bernardino County,3,2018,3,0,0
NA,San Bernardino County,3,2019,1,0,0
NA,San Bernardino County,3,2020,8,1,0
NA,San Bernardino County,4,2010,4,0,0
NA,San Bernardino County,4,2011,4,0,0
NA,San Bernardino County,4,2012,1,1,0
NA,San Bernardino County,4,2013,1,1,0
NA,San Bernardino County,4,2014,2,0,0
NA,San Bernardino County,4,2015,3,0,0
NA,San Bernardino County,4,2016,3,0,0
NA,San Bernardino County,4,2017,0,1,0
NA,San Bernardino County,4,2018,2,2,0
NA,San Bernardino County,4,2019,1,0,0
NA,San Bernardino County,4,2020,5,2,0
NA,San Bernardino County,5,2010,4,0,0
NA,San Bernardino County,5,2011,6,3,0
NA,San Bernardino County,5,2012,3,2,0
NA,San Bernardino County,5,2013,0,1,0
NA,San Bernardino County,5,2014,1,1,0
NA,San Bernardino County,5,2016,0,1,0
NA,San Bernardino County,5,2017,2,1,0
NA,San Bernardino County,5,2018,1,0,0
NA,San Bernardino County,5,2020,4,2,0
NA,San Bernardino County,6,2010,7,2,0
NA,San Bernardino County,6,2011,2,1,0
NA,San Bernardino County,6,2012,4,1,0
NA,San Bernardino County,6,2013,3,0,0
NA,San Bernardino County,6,2014,1,2,0
NA,San Bernardino County,6,2015,3,1,0
NA,San Bernardino County,6,2016,3,3,0
NA,San Bernardino County,6,2017,1,0,0
NA,San Bernardino County,6,2018,2,3,0
NA,San Bernardino County,6,2019,1,1,0
NA,San Bernardino County,6,2020,11,7,2
NA,San Bernardino County,7,2010,3,0,0
NA,San Bernardino County,7,2011,2,0,0
NA,San Bernardino County,7,2012,2,2,0
NA,San Bernardino County,7,2013,1,0,0
NA,San Bernardino County,7,2014,7,2,1
NA,San Bernardino County,7,2015,1,0,0
NA,San Bernardino County,7,2016,7,0,0
NA,San Bernardino County,7,2017,0,1,0
NA,San Bernardino County,7,2018,0,1,0
NA,San Bernardino County,7,2019,609,379,38
NA,San Bernardino County,7,2020,4,0,0
NA,San Bernardino County,8,2011,1,0,0
NA,San Bernardino County,8,2012,3,1,0
NA,San Bernardino County,8,2013,3,0,0
NA,San Bernardino County,8,2014,3,2,0
NA,San Bernardino County,8,2015,0,1,0
NA,San Bernardino County,8,2016,1,1,0
NA,San Bernardino County,8,2017,2,1,0
NA,San Bernardino County,8,2018,1,1,0
NA,San Bernardino County,8,2019,58,12,0
NA,San Bernardino County,8,2020,3,1,0
NA,San Bernardino County,9,2010,7,2,0
NA,San Bernardino County,9,2011,2,1,0
NA,San Bernardino County,9,2012,1,0,0
NA,San Bernardino County,9,2013,0,1,0
NA,San Bernardino County,9,2014,2,0,0
NA,San Bernardino County,9,2015,2,1,0
NA,San Bernardino County,9,2016,1,1,0
NA,San Bernardino County,9,2017,2,0,0
NA,San Bernardino County,9,2019,22,5,0
NA,San Bernardino County,10,2010,1,1,0
NA,San Bernardino County,10,2011,2,3,0
NA,San Bernardino County,10,2012,2,0,0
NA,San Bernardino County,10,2013,4,1,1
NA,San Bernardino County,10,2014,1,3,0
NA,San Bernardino County,10,2015,2,2,0
NA,San Bernardino County,10,2017,1,0,0
NA,San Bernardino County,10,2019,22,4,0
NA,San Bernardino County,11,2010,2,0,0
NA,San Bernardino County,11,2011,1,0,0
NA,San Bernardino County,11,2012,7,1,0
NA,San Bernardino County,11,2013,1,1,0
NA,San Bernardino County,11,2014,1,0,0
NA,San Bernardino County,11,2015,4,0,0
NA,San Bernardino County,11,2017,2,0,0
NA,San Bernardino County,11,2018,1,0,0
NA,San Bernardino County,11,2019,17,9,0
NA,San Bernardino County,12,2010,1,0,0
NA,San Bernardino County,12,2011,1,0,0
NA,San Bernardino County,12,2013,1,0,0
NA,San Bernardino County,12,2014,3,1,0
NA,San Bernardino County,12,2015,4,4,2
NA,San Bernardino County,12,2016,4,1,0
NA,San Bernardino County,12,2017,1,1,0
NA,San Bernardino County,12,2018,1,1,1
NA,San Bernardino County,12,2019,11,11,0
NA,San Diego County,1,2010,1,1,0
NA,San Diego County,1,2011,2,1,0
NA,San Diego County,1,2013,3,0,0
NA,San Diego County,1,2015,1,2,0
NA,San Diego County,1,2019,2,0,0
NA,San Diego County,2,2010,2,0,0
NA,San Diego County,2,2011,3,0,0
NA,San Diego County,2,2012,2,0,0
NA,San Diego County,2,2013,0,1,0
NA,San Diego County,2,2014,2,0,0
NA,San Diego County,2,2015,1,1,0
NA,San Diego County,2,2017,1,0,0
NA,San Diego County,2,2018,1,0,0
NA,San Diego County,2,2019,3,1,0
NA,San Diego County,2,2020,2,0,0
NA,San Diego County,3,2010,1,1,1
NA,San Diego County,3,2011,1,1,0
NA,San Diego County,3,2012,1,4,0
NA,San Diego County,3,2013,1,0,0
NA,San Diego County,3,2014,2,1,0
NA,San Diego County,3,2016,2,0,0
NA,San Diego County,3,2017,2,1,0
NA,San Diego County,3,2018,2,0,0
NA,San Diego County,3,2019,2,0,0
NA,San Diego County,3,2020,1,0,0
NA,San Diego County,4,2010,7,7,0
NA,San Diego County,4,2011,2,1,0
NA,San Diego County,4,2012,3,1,0
NA,San Diego County,4,2013,1,0,0
NA,San Diego County,4,2014,2,0,0
NA,San Diego County,4,2016,2,0,0
NA,San Diego County,4,2017,1,1,0
NA,San Diego County,4,2018,3,1,0
NA,San Diego County,4,2019,2,1,0
NA,San Diego County,5,2010,3,1,0
NA,San Diego County,5,2011,1,0,0
NA,San Diego County,5,2012,0,1,0
NA,San Diego County,5,2013,1,0,0
NA,San Diego County,5,2015,1,1,0
NA,San Diego County,5,2016,1,0,0
NA,San Diego County,5,2017,1,0,0
NA,San Diego County,5,2019,4,0,0
NA,San Diego County,6,2010,4,1,2
NA,San Diego County,6,2011,2,1,0
NA,San Diego County,6,2013,2,0,0
NA,San Diego County,6,2014,3,0,0
NA,San Diego County,6,2015,2,0,0
NA,San Diego County,6,2017,1,0,0
NA,San Diego County,6,2019,1,0,0
NA,San Diego County,6,2020,4,0,0
NA,San Diego County,7,2010,11,1,1
NA,San Diego County,7,2011,2,1,1
NA,San Diego County,7,2012,0,1,0
NA,San Diego County,7,2013,1,0,0
NA,San Diego County,7,2014,0,1,0
NA,San Diego County,7,2016,0,1,0
NA,San Diego County,7,2017,2,0,0
NA,San Diego County,7,2018,1,0,0
NA,San Diego County,7,2019,1,2,0
NA,San Diego County,7,2020,0,2,0
NA,San Diego County,8,2010,1,1,0
NA,San Diego County,8,2011,1,0,0
NA,San Diego County,8,2013,3,3,0
NA,San Diego County,8,2016,1,2,0
NA,San Diego County,8,2019,1,0,0
NA,San Diego County,9,2010,4,0,0
NA,San Diego County,9,2013,1,5,0
NA,San Diego County,9,2014,2,0,0
NA,San Diego County,9,2015,1,0,0
NA,San Diego County,9,2017,1,0,0
NA,San Diego County,9,2018,2,0,0
NA,San Diego County,9,2019,0,1,0
NA,San Diego County,10,2010,2,2,0
NA,San Diego County,10,2011,3,0,0
NA,San Diego County,10,2012,1,0,2
NA,San Diego County,10,2015,3,1,0
NA,San Diego County,10,2016,1,0,0
NA,San Diego County,10,2017,1,1,0
NA,San Diego County,10,2018,1,0,0
NA,San Diego County,10,2019,3,1,0
NA,San Diego County,11,2010,3,2,0
NA,San Diego County,11,2011,4,3,0
NA,San Diego County,11,2012,4,1,0
NA,San Diego County,11,2013,0,2,0
NA,San Diego County,11,2015,1,0,0
NA,San Diego County,11,2017,2,0,0
NA,San Diego County,11,2018,1,0,0
NA,San Diego County,12,2010,2,4,0
NA,San Diego County,12,2011,2,0,0
NA,San Diego County,12,2012,1,0,0
NA,San Diego County,12,2013,1,1,0
NA,San Diego County,12,2014,1,0,0
NA,San Diego County,12,2015,1,1,0
NA,San Diego County,12,2016,0,2,0
NA,San Diego County,12,2017,3,3,0
NA,San Diego County,12,2018,4,0,0
NA,San Diego County,12,2019,4,0,0
NA,San Joaquin County,1,2018,1,0,0
NA,San Joaquin County,10,2010,0,1,0
NA,San Joaquin County,10,2012,1,0,0
NA,San Luis Obispo County,1,2010,0,0,0
NA,San Luis Obispo County,1,2011,2,0,0
NA,San Luis Obispo County,1,2012,1,0,0
NA,San Luis Obispo County,1,2014,1,0,0
NA,San Luis Obispo County,1,2015,1,0,0
NA,San Luis Obispo County,1,2016,1,1,0
NA,San Luis Obispo County,1,2017,0,0,0
NA,San Luis Obispo County,1,2018,3,0,0
NA,San Luis Obispo County,1,2020,1,0,0
NA,San Luis Obispo County,2,2010,2,2,0
NA,San Luis Obispo County,2,2011,1,0,0
NA,San Luis Obispo County,2,2012,2,0,0
NA,San Luis Obispo County,2,2013,0,0,0
NA,San Luis Obispo County,2,2016,0,1,0
NA,San Luis Obispo County,2,2017,1,0,0
NA,San Luis Obispo County,2,2018,1,0,0
NA,San Luis Obispo County,3,2011,1,0,0
NA,San Luis Obispo County,3,2012,1,0,0
NA,San Luis Obispo County,3,2013,2,1,0
NA,San Luis Obispo County,3,2014,0,1,0
NA,San Luis Obispo County,3,2016,1,0,0
NA,San Luis Obispo County,3,2018,0,1,0
NA,San Luis Obispo County,3,2019,1,0,0
NA,San Luis Obispo County,4,2010,1,0,0
NA,San Luis Obispo County,4,2012,2,0,0
NA,San Luis Obispo County,4,2013,2,0,0
NA,San Luis Obispo County,4,2014,1,0,0
NA,San Luis Obispo County,4,2015,0,1,0
NA,San Luis Obispo County,4,2016,3,0,0
NA,San Luis Obispo County,4,2017,2,0,0
NA,San Luis Obispo County,4,2018,2,0,0
NA,San Luis Obispo County,4,2020,1,0,0
NA,San Luis Obispo County,5,2010,1,1,0
NA,San Luis Obispo County,5,2011,2,0,0
NA,San Luis Obispo County,5,2012,1,0,0
NA,San Luis Obispo County,5,2014,2,0,0
NA,San Luis Obispo County,5,2015,0,1,0
NA,San Luis Obispo County,5,2016,1,0,0
NA,San Luis Obispo County,5,2019,1,1,0
NA,San Luis Obispo County,6,2010,0,2,0
NA,San Luis Obispo County,6,2011,3,0,0
NA,San Luis Obispo County,6,2014,2,1,0
NA,San Luis Obispo County,6,2018,1,0,0
NA,San Luis Obispo County,7,2012,1,0,0
NA,San Luis Obispo County,7,2013,3,0,0
NA,San Luis Obispo County,7,2014,3,0,0
NA,San Luis Obispo County,7,2015,1,0,0
NA,San Luis Obispo County,7,2016,1,1,0
NA,San Luis Obispo County,7,2020,1,0,0
NA,San Luis Obispo County,8,2011,2,1,0
NA,San Luis Obispo County,8,2016,2,0,0
NA,San Luis Obispo County,8,2017,0,0,0
NA,San Luis Obispo County,8,2019,2,0,0
NA,San Luis Obispo County,8,2020,1,0,0
NA,San Luis Obispo County,9,2011,0,1,0
NA,San Luis Obispo County,9,2014,1,0,0
NA,San Luis Obispo County,9,2015,1,0,0
NA,San Luis Obispo County,9,2018,1,0,0
NA,San Luis Obispo County,10,2010,1,0,0
NA,San Luis Obispo County,10,2011,1,0,0
NA,San Luis Obispo County,10,2012,1,0,0
NA,San Luis Obispo County,10,2014,1,0,0
NA,San Luis Obispo County,10,2015,1,0,0
NA,San Luis Obispo County,10,2016,1,0,0
NA,San Luis Obispo County,10,2017,1,0,0
NA,San Luis Obispo County,11,2010,4,1,0
NA,San Luis Obispo County,11,2011,1,0,0
NA,San Luis Obispo County,11,2014,1,0,0
NA,San Luis Obispo County,11,2017,2,0,0
NA,San Luis Obispo County,11,2018,1,0,0
NA,San Luis Obispo County,12,2012,0,1,0
NA,San Luis Obispo County,12,2013,1,0,0
NA,San Luis Obispo County,12,2016,1,1,0
NA,San Luis Obispo County,12,2018,1,0,0
NA,San Mateo County,1,2013,1,0,0
NA,San Mateo County,1,2019,1,0,0
NA,San Mateo County,1,2020,1,0,0
NA,San Mateo County,3,2012,1,0,0
NA,San Mateo County,3,2019,1,0,0
NA,San Mateo County,4,2010,1,0,0
NA,San Mateo County,4,2017,1,0,0
NA,San Mateo County,4,2019,2,0,0
NA,San Mateo County,5,2012,1,0,0
NA,San Mateo County,5,2017,1,0,0
NA,San Mateo County,7,2010,0,1,0
NA,San Mateo County,7,2012,4,0,0
NA,San Mateo County,8,2013,1,0,0
NA,San Mateo County,9,2014,1,0,0
NA,San Mateo County,10,2019,0,1,0
NA,San Mateo County,12,2012,2,0,0
NA,San Mateo County,12,2013,2,0,0
NA,Santa Barbara County,1,2012,1,0,0
NA,Santa Barbara County,1,2013,0,1,0
NA,Santa Barbara County,1,2018,0,1,0
NA,Santa Barbara County,3,2010,1,0,0
NA,Santa Barbara County,3,2014,1,0,0
NA,Santa Barbara County,3,2016,2,0,0
NA,Santa Barbara County,3,2020,2,0,0
NA,Santa Barbara County,4,2011,1,0,0
NA,Santa Barbara County,4,2017,0,1,0
NA,Santa Barbara County,4,2018,2,0,0
NA,Santa Barbara County,5,2011,0,1,0
NA,Santa Barbara County,5,2013,3,1,1
NA,Santa Barbara County,5,2014,1,0,0
NA,Santa Barbara County,5,2015,2,0,0
NA,Santa Barbara County,5,2017,0,0,0
NA,Santa Barbara County,5,2019,1,0,0
NA,Santa Barbara County,6,2011,1,0,0
NA,Santa Barbara County,6,2013,1,0,0
NA,Santa Barbara County,6,2014,2,0,0
NA,Santa Barbara County,6,2020,2,0,0
NA,Santa Barbara County,7,2016,0,1,0
NA,Santa Barbara County,7,2020,1,0,0
NA,Santa Barbara County,8,2010,0,2,0
NA,Santa Barbara County,8,2013,1,0,0
NA,Santa Barbara County,8,2016,0,0,0
NA,Santa Barbara County,9,2016,2,0,0
NA,Santa Barbara County,9,2017,1,0,0
NA,Santa Barbara County,9,2018,1,0,0
NA,Santa Barbara County,10,2016,0,1,0
NA,Santa Barbara County,10,2017,0,0,0
NA,Santa Barbara County,10,2018,1,0,0
NA,Santa Barbara County,11,2011,1,0,0
NA,Santa Barbara County,11,2012,0,0,0
NA,Santa Barbara County,11,2017,1,0,0
NA,Santa Barbara County,11,2019,1,0,0
NA,Santa Barbara County,12,2016,0,1,0
NA,Santa Clara County,1,2010,3,1,0
NA,Santa Clara County,1,2011,4,0,1
NA,Santa Clara County,1,2012,1,0,0
NA,Santa Clara County,1,2013,2,0,0
NA,Santa Clara County,1,2014,1,0,0
NA,Santa Clara County,1,2016,1,0,0
NA,Santa Clara County,1,2018,4,0,0
NA,Santa Clara County,1,2020,2,0,0
NA,Santa Clara County,2,2010,1,0,0
NA,Santa Clara County,2,2011,1,0,0
NA,Santa Clara County,2,2013,0,1,0
NA,Santa Clara County,2,2014,1,0,0
NA,Santa Clara County,2,2017,2,1,0
NA,Santa Clara County,2,2019,3,0,0
NA,Santa Clara County,3,2010,3,2,0
NA,Santa Clara County,3,2011,2,0,0
NA,Santa Clara County,3,2015,2,0,0
NA,Santa Clara County,3,2016,2,0,0
NA,Santa Clara County,3,2017,1,0,0
NA,Santa Clara County,3,2018,3,1,0
NA,Santa Clara County,4,2010,1,0,0
NA,Santa Clara County,4,2011,1,0,0
NA,Santa Clara County,4,2012,2,0,0
NA,Santa Clara County,4,2013,0,1,0
NA,Santa Clara County,4,2014,1,0,0
NA,Santa Clara County,4,2015,2,0,0
NA,Santa Clara County,4,2016,1,0,0
NA,Santa Clara County,4,2017,2,0,0
NA,Santa Clara County,4,2018,0,1,0
NA,Santa Clara County,4,2019,1,1,0
NA,Santa Clara County,5,2010,1,0,0
NA,Santa Clara County,5,2011,0,1,0
NA,Santa Clara County,5,2013,1,1,0
NA,Santa Clara County,5,2014,1,0,0
NA,Santa Clara County,5,2016,2,0,0
NA,Santa Clara County,5,2017,1,0,0
NA,Santa Clara County,5,2018,1,1,0
NA,Santa Clara County,5,2019,2,0,0
NA,Santa Clara County,6,2010,2,0,0
NA,Santa Clara County,6,2011,1,0,0
NA,Santa Clara County,6,2012,2,2,0
NA,Santa Clara County,6,2018,1,0,0
NA,Santa Clara County,6,2020,0,1,0
NA,Santa Clara County,7,2010,1,0,0
NA,Santa Clara County,7,2012,2,0,0
NA,Santa Clara County,7,2013,1,1,0
NA,Santa Clara County,7,2015,0,1,0
NA,Santa Clara County,7,2017,1,0,0
NA,Santa Clara County,7,2018,0,0,0
NA,Santa Clara County,7,2019,1,1,0
NA,Santa Clara County,7,2020,1,0,0
NA,Santa Clara County,8,2013,2,0,0
NA,Santa Clara County,8,2014,3,0,0
NA,Santa Clara County,8,2015,1,0,0
NA,Santa Clara County,8,2017,3,0,0
NA,Santa Clara County,8,2019,3,0,0
NA,Santa Clara County,8,2020,1,0,0
NA,Santa Clara County,9,2010,1,0,0
NA,Santa Clara County,9,2013,1,0,0
NA,Santa Clara County,9,2014,1,1,0
NA,Santa Clara County,9,2015,1,0,0
NA,Santa Clara County,9,2016,0,1,0
NA,Santa Clara County,9,2017,1,0,0
NA,Santa Clara County,9,2018,2,1,0
NA,Santa Clara County,10,2010,2,0,0
NA,Santa Clara County,10,2011,1,0,0
NA,Santa Clara County,10,2012,0,1,0
NA,Santa Clara County,10,2013,1,0,0
NA,Santa Clara County,10,2014,3,0,0
NA,Santa Clara County,10,2016,1,0,0
NA,Santa Clara County,10,2017,2,1,0
NA,Santa Clara County,10,2018,4,0,0
NA,Santa Clara County,10,2019,3,1,0
NA,Santa Clara County,11,2010,1,1,0
NA,Santa Clara County,11,2011,3,0,0
NA,Santa Clara County,11,2013,2,0,0
NA,Santa Clara County,11,2014,2,0,0
NA,Santa Clara County,11,2015,2,0,0
NA,Santa Clara County,11,2017,1,0,0
NA,Santa Clara County,11,2018,1,0,0
NA,Santa Clara County,12,2011,1,0,0
NA,Santa Clara County,12,2013,0,1,0
NA,Santa Clara County,12,2014,1,1,0
NA,Santa Clara County,12,2017,0,2,0
NA,Santa Clara County,12,2019,1,0,0
NA,Santa Cruz County,1,2012,0,2,0
NA,Santa Cruz County,1,2018,2,1,0
NA,Santa Cruz County,3,2014,1,0,0
NA,Santa Cruz County,3,2017,1,0,0
NA,Santa Cruz County,4,2019,1,0,0
NA,Santa Cruz County,6,2016,0,1,0
NA,Santa Cruz County,6,2020,0,1,0
NA,Santa Cruz County,7,2017,1,0,0
NA,Santa Cruz County,8,2010,0,1,0
NA,Santa Cruz County,8,2020,1,0,0
NA,Santa Cruz County,10,2016,1,0,0
NA,Shasta County,1,2012,0,1,0
NA,Shasta County,1,2017,1,0,0
NA,Shasta County,2,2011,1,0,0
NA,Shasta County,2,2016,0,1,0
NA,Shasta County,2,2017,1,0,0
NA,Shasta County,2,2018,3,0,0
NA,Shasta County,2,2019,1,0,0
NA,Shasta County,3,2014,2,0,0
NA,Shasta County,3,2017,1,0,0
NA,Shasta County,3,2018,1,0,0
NA,Shasta County,4,2013,1,0,0
NA,Shasta County,4,2014,1,0,0
NA,Shasta County,4,2017,1,0,0
NA,Shasta County,4,2018,1,0,0
NA,Shasta County,4,2019,1,0,0
NA,Shasta County,5,2010,2,0,0
NA,Shasta County,5,2012,1,0,0
NA,Shasta County,5,2014,1,0,0
NA,Shasta County,5,2018,2,0,0
NA,Shasta County,6,2010,1,0,0
NA,Shasta County,6,2014,2,0,0
NA,Shasta County,6,2015,1,0,0
NA,Shasta County,7,2013,1,0,0
NA,Shasta County,7,2017,1,0,0
NA,Shasta County,7,2019,1,0,0
NA,Shasta County,8,2012,1,0,0
NA,Shasta County,8,2017,1,0,0
NA,Shasta County,8,2019,1,0,0
NA,Shasta County,9,2010,1,0,0
NA,Shasta County,9,2012,1,0,0
NA,Shasta County,9,2017,0,1,0
NA,Shasta County,10,2016,3,0,0
NA,Shasta County,11,2010,1,2,0
NA,Shasta County,12,2010,2,0,0
NA,Shasta County,12,2013,1,0,0
NA,Shasta County,12,2017,1,0,0
NA,Sierra County,2,2020,1,0,0
NA,Sierra County,3,2013,2,0,0
NA,Sierra County,3,2019,2,0,0
NA,Sierra County,3,2020,1,1,0
NA,Sierra County,6,2017,5,3,0
NA,Sierra County,7,2015,1,1,0
NA,Sierra County,7,2018,2,0,0
NA,Sierra County,10,2011,2,1,1
NA,Siskiyou County,2,2017,1,0,0
NA,Siskiyou County,4,2018,1,0,0
NA,Siskiyou County,4,2019,1,0,0
NA,Siskiyou County,5,2012,1,0,0
NA,Siskiyou County,5,2015,1,0,0
NA,Siskiyou County,5,2017,1,0,0
NA,Siskiyou County,6,2013,1,1,0
NA,Siskiyou County,9,2016,1,0,0
NA,Siskiyou County,9,2019,1,0,0
NA,Siskiyou County,10,2012,1,0,0
NA,Siskiyou County,10,2018,1,0,0
NA,Siskiyou County,12,2012,1,0,0
NA,Solano County,1,2013,1,0,0
NA,Solano County,1,2015,1,0,0
NA,Solano County,1,2016,3,0,0
NA,Solano County,3,2010,1,0,0
NA,Solano County,3,2016,1,0,0
NA,Solano County,3,2018,1,0,0
NA,Solano County,6,2013,1,0,0
NA,Solano County,8,2013,1,0,0
NA,Solano County,8,2018,2,0,0
NA,Solano County,9,2018,2,0,0
NA,Solano County,10,2012,0,1,0
NA,Solano County,11,2011,1,0,0
NA,Solano County,11,2015,1,0,0
NA,Solano County,11,2018,1,0,0
NA,Sonoma County,1,2010,9,1,0
NA,Sonoma County,1,2011,4,0,0
NA,Sonoma County,1,2012,8,3,0
NA,Sonoma County,1,2013,8,0,0
NA,Sonoma County,1,2014,4,1,1
NA,Sonoma County,1,2015,3,0,0
NA,Sonoma County,1,2016,2,1,0
NA,Sonoma County,1,2017,3,1,0
NA,Sonoma County,1,2018,3,0,0
NA,Sonoma County,1,2020,2,0,0
NA,Sonoma County,2,2010,5,0,0
NA,Sonoma County,2,2011,2,1,0
NA,Sonoma County,2,2012,4,0,0
NA,Sonoma County,2,2013,6,0,0
NA,Sonoma County,2,2014,1,0,0
NA,Sonoma County,2,2015,6,0,0
NA,Sonoma County,2,2016,8,0,0
NA,Sonoma County,2,2017,2,1,0
NA,Sonoma County,2,2018,3,1,0
NA,Sonoma County,2,2019,4,0,0
NA,Sonoma County,2,2020,4,1,0
NA,Sonoma County,3,2010,7,1,0
NA,Sonoma County,3,2011,8,1,1
NA,Sonoma County,3,2012,8,0,0
NA,Sonoma County,3,2013,7,3,1
NA,Sonoma County,3,2014,3,0,0
NA,Sonoma County,3,2015,4,1,0
NA,Sonoma County,3,2016,11,0,0
NA,Sonoma County,3,2017,1,1,0
NA,Sonoma County,3,2018,3,0,0
NA,Sonoma County,3,2019,9,0,0
NA,Sonoma County,3,2020,4,0,0
NA,Sonoma County,4,2010,3,3,0
NA,Sonoma County,4,2011,2,3,0
NA,Sonoma County,4,2012,8,0,0
NA,Sonoma County,4,2013,4,1,0
NA,Sonoma County,4,2014,5,0,0
NA,Sonoma County,4,2015,5,0,0
NA,Sonoma County,4,2016,3,1,0
NA,Sonoma County,4,2017,2,1,0
NA,Sonoma County,4,2018,2,0,0
NA,Sonoma County,4,2019,5,0,1
NA,Sonoma County,4,2020,2,0,0
NA,Sonoma County,5,2010,4,0,0
NA,Sonoma County,5,2011,2,3,0
NA,Sonoma County,5,2012,5,2,1
NA,Sonoma County,5,2013,3,0,0
NA,Sonoma County,5,2014,1,1,0
NA,Sonoma County,5,2015,3,0,0
NA,Sonoma County,5,2016,4,2,0
NA,Sonoma County,5,2017,4,0,0
NA,Sonoma County,5,2018,4,1,1
NA,Sonoma County,5,2019,9,1,0
NA,Sonoma County,6,2010,2,3,0
NA,Sonoma County,6,2011,5,2,0
NA,Sonoma County,6,2012,6,0,0
NA,Sonoma County,6,2013,1,1,0
NA,Sonoma County,6,2014,5,0,0
NA,Sonoma County,6,2015,5,0,0
NA,Sonoma County,6,2016,4,1,0
NA,Sonoma County,6,2017,1,1,0
NA,Sonoma County,6,2018,3,1,0
NA,Sonoma County,6,2019,3,1,0
NA,Sonoma County,6,2020,6,1,0
NA,Sonoma County,7,2010,3,5,0
NA,Sonoma County,7,2011,2,1,0
NA,Sonoma County,7,2012,2,1,0
NA,Sonoma County,7,2013,1,4,0
NA,Sonoma County,7,2014,1,0,0
NA,Sonoma County,7,2015,4,1,0
NA,Sonoma County,7,2016,2,1,0
NA,Sonoma County,7,2017,1,0,0
NA,Sonoma County,7,2018,3,1,0
NA,Sonoma County,7,2019,1,2,0
NA,Sonoma County,7,2020,0,1,0
NA,Sonoma County,8,2010,1,1,0
NA,Sonoma County,8,2011,5,0,0
NA,Sonoma County,8,2012,2,0,0
NA,Sonoma County,8,2013,8,0,0
NA,Sonoma County,8,2014,4,1,0
NA,Sonoma County,8,2015,2,0,0
NA,Sonoma County,8,2016,2,1,0
NA,Sonoma County,8,2017,3,2,0
NA,Sonoma County,8,2018,4,1,0
NA,Sonoma County,8,2019,1,0,0
NA,Sonoma County,8,2020,4,1,0
NA,Sonoma County,9,2010,3,0,0
NA,Sonoma County,9,2011,7,1,0
NA,Sonoma County,9,2012,3,1,0
NA,Sonoma County,9,2014,1,0,0
NA,Sonoma County,9,2015,5,0,0
NA,Sonoma County,9,2016,5,0,0
NA,Sonoma County,9,2017,6,0,0
NA,Sonoma County,9,2018,1,1,0
NA,Sonoma County,9,2019,7,0,0
NA,Sonoma County,10,2010,3,0,0
NA,Sonoma County,10,2011,3,0,0
NA,Sonoma County,10,2012,4,0,0
NA,Sonoma County,10,2013,7,2,0
NA,Sonoma County,10,2014,0,1,0
NA,Sonoma County,10,2015,3,1,0
NA,Sonoma County,10,2016,1,2,0
NA,Sonoma County,10,2017,6,0,0
NA,Sonoma County,10,2018,0,1,0
NA,Sonoma County,10,2019,2,2,0
NA,Sonoma County,11,2010,4,0,0
NA,Sonoma County,11,2011,8,0,0
NA,Sonoma County,11,2012,6,1,0
NA,Sonoma County,11,2013,4,1,0
NA,Sonoma County,11,2014,2,1,0
NA,Sonoma County,11,2015,3,0,0
NA,Sonoma County,11,2016,3,0,0
NA,Sonoma County,11,2017,2,0,0
NA,Sonoma County,11,2019,4,2,1
NA,Sonoma County,12,2010,3,2,0
NA,Sonoma County,12,2011,4,1,0
NA,Sonoma County,12,2012,3,1,0
NA,Sonoma County,12,2013,5,1,0
NA,Sonoma County,12,2014,4,0,0
NA,Sonoma County,12,2015,3,0,0
NA,Sonoma County,12,2016,2,0,1
NA,Sonoma County,12,2017,1,0,0
NA,Sonoma County,12,2018,1,1,0
NA,Sonoma County,12,2019,2,0,0
NA,Stanislaus County,2,2010,1,0,0
NA,Stanislaus County,10,2011,1,0,0
NA,Stanislaus County,11,2015,1,0,0
NA,Tehama County,1,2010,1,0,0
NA,Tehama County,1,2016,1,0,0
NA,Tehama County,1,2018,1,0,0
NA,Tehama County,1,2020,1,0,0
NA,Tehama County,2,2013,1,0,0
NA,Tehama County,2,2015,2,0,0
NA,Tehama County,2,2017,2,0,0
NA,Tehama County,2,2018,1,0,0
NA,Tehama County,3,2010,1,0,0
NA,Tehama County,3,2014,1,0,0
NA,Tehama County,3,2017,1,0,0
NA,Tehama County,4,2010,1,0,0
NA,Tehama County,4,2013,1,0,0
NA,Tehama County,4,2015,1,0,0
NA,Tehama County,4,2016,1,0,0
NA,Tehama County,5,2012,1,0,0
NA,Tehama County,5,2015,1,0,0
NA,Tehama County,5,2016,2,0,0
NA,Tehama County,6,2018,1,0,0
NA,Tehama County,6,2019,2,0,0
NA,Tehama County,6,2020,1,0,0
NA,Tehama County,7,2011,1,0,0
NA,Tehama County,7,2013,2,0,0
NA,Tehama County,7,2016,1,0,0
NA,Tehama County,8,2012,1,0,0
NA,Tehama County,8,2013,1,0,0
NA,Tehama County,8,2015,1,0,0
NA,Tehama County,8,2016,0,1,0
NA,Tehama County,8,2017,3,0,0
NA,Tehama County,8,2019,1,0,0
NA,Tehama County,9,2014,1,0,0
NA,Tehama County,9,2015,3,0,0
NA,Tehama County,9,2018,1,0,0
NA,Tehama County,9,2019,1,0,0
NA,Tehama County,10,2011,1,0,0
NA,Tehama County,11,2010,1,0,0
NA,Tehama County,11,2011,1,0,0
NA,Tehama County,11,2014,5,0,0
NA,Tehama County,11,2017,1,0,0
NA,Tehama County,11,2018,1,0,0
NA,Tehama County,11,2019,2,0,0
NA,Tehama County,12,2015,1,0,0
NA,Tehama County,12,2017,1,1,0
NA,Tehama County,12,2018,1,0,0
NA,Trinity County,1,2013,1,0,0
NA,Trinity County,1,2017,2,0,0
NA,Trinity County,1,2019,0,1,0
NA,Trinity County,1,2020,1,0,0
NA,Trinity County,2,2010,0,1,0
NA,Trinity County,2,2016,1,0,0
NA,Trinity County,2,2019,1,0,0
NA,Trinity County,3,2010,1,0,0
NA,Trinity County,3,2013,1,0,0
NA,Trinity County,3,2014,2,0,0
NA,Trinity County,3,2015,1,0,0
NA,Trinity County,3,2019,1,0,0
NA,Trinity County,4,2011,1,0,0
NA,Trinity County,4,2016,1,0,0
NA,Trinity County,5,2013,1,0,0
NA,Trinity County,5,2020,1,0,0
NA,Trinity County,6,2012,1,1,0
NA,Trinity County,6,2014,1,0,0
NA,Trinity County,6,2017,1,0,0
NA,Trinity County,6,2018,1,0,0
NA,Trinity County,7,2017,1,1,0
NA,Trinity County,7,2020,1,0,0
NA,Trinity County,8,2012,1,0,0
NA,Trinity County,8,2014,1,0,0
NA,Trinity County,8,2016,0,0,1
NA,Trinity County,8,2017,0,0,0
NA,Trinity County,8,2018,1,0,0
NA,Trinity County,8,2019,2,0,0
NA,Trinity County,9,2011,2,0,0
NA,Trinity County,9,2013,0,1,0
NA,Trinity County,9,2015,1,0,0
NA,Trinity County,10,2013,0,1,0
NA,Trinity County,10,2014,0,0,0
NA,Trinity County,10,2017,1,0,0
NA,Trinity County,10,2018,2,0,0
NA,Trinity County,10,2019,1,0,0
NA,Trinity County,11,2010,1,0,0
NA,Trinity County,11,2012,1,0,0
NA,Trinity County,12,2017,0,1,0
NA,Trinity County,12,2019,2,0,0
NA,Tulare County,1,2012,3,0,0
NA,Tulare County,1,2017,1,0,0
NA,Tulare County,1,2018,1,0,0
NA,Tulare County,2,2011,0,1,0
NA,Tulare County,2,2012,2,0,0
NA,Tulare County,2,2013,1,0,0
NA,Tulare County,2,2020,2,1,0
NA,Tulare County,3,2017,0,1,0
NA,Tulare County,4,2010,1,0,0
NA,Tulare County,4,2014,1,0,0
NA,Tulare County,4,2015,1,0,0
NA,Tulare County,5,2019,3,0,0
NA,Tulare County,6,2014,2,1,0
NA,Tulare County,6,2016,1,0,0
NA,Tulare County,7,2012,1,0,0
NA,Tulare County,7,2014,1,0,0
NA,Tulare County,7,2015,1,0,0
NA,Tulare County,7,2019,0,1,0
NA,Tulare County,8,2011,1,0,0
NA,Tulare County,8,2012,2,4,0
NA,Tulare County,8,2013,1,0,0
NA,Tulare County,8,2015,2,0,0
NA,Tulare County,8,2019,2,1,0
NA,Tulare County,9,2012,5,0,0
NA,Tulare County,9,2014,1,1,0
NA,Tulare County,10,2012,1,1,0
NA,Tulare County,10,2013,1,1,0
NA,Tulare County,10,2014,2,0,0
NA,Tulare County,11,2010,1,0,0
NA,Tulare County,11,2011,0,1,0
NA,Tulare County,11,2015,1,0,0
NA,Tulare County,11,2018,0,1,0
NA,Tulare County,12,2011,2,0,0
NA,Tulare County,12,2012,1,1,0
NA,Tulare County,12,2013,0,1,0
NA,Tulare County,12,2017,3,0,0
NA,Tuolumne County,7,2012,1,0,0
NA,Ventura County,1,2012,2,0,1
NA,Ventura County,1,2013,1,0,0
NA,Ventura County,1,2018,1,0,0
NA,Ventura County,2,2010,1,0,0
NA,Ventura County,2,2012,1,0,0
NA,Ventura County,2,2018,1,0,0
NA,Ventura County,3,2015,2,0,0
NA,Ventura County,3,2016,1,1,1
NA,Ventura County,3,2018,1,0,0
NA,Ventura County,4,2010,2,0,0
NA,Ventura County,4,2011,1,0,0
NA,Ventura County,4,2016,1,0,0
NA,Ventura County,4,2020,0,1,0
NA,Ventura County,5,2010,0,1,0
NA,Ventura County,5,2012,2,0,0
NA,Ventura County,5,2013,3,1,0
NA,Ventura County,5,2017,0,1,0
NA,Ventura County,6,2010,1,0,0
NA,Ventura County,6,2011,0,1,0
NA,Ventura County,6,2012,2,0,0
NA,Ventura County,6,2015,2,0,0
NA,Ventura County,6,2019,0,1,0
NA,Ventura County,6,2020,0,1,0
NA,Ventura County,7,2010,1,0,0
NA,Ventura County,7,2015,5,0,0
NA,Ventura County,8,2012,3,0,0
NA,Ventura County,8,2014,2,0,0
NA,Ventura County,8,2020,3,0,0
NA,Ventura County,9,2011,1,0,0
NA,Ventura County,9,2012,1,0,0
NA,Ventura County,9,2014,0,1,0
NA,Ventura County,9,2015,1,0,0
NA,Ventura County,9,2017,1,0,0
NA,Ventura County,9,2018,1,0,0
NA,Ventura County,10,2018,1,0,0
NA,Ventura County,11,2016,0,1,0
NA,Ventura County,11,2019,1,0,0
NA,Ventura County,12,2012,3,0,0
NA,Ventura County,12,2018,2,0,0
NA,Yolo County,3,2012,1,0,0
NA,Yolo County,3,2017,1,0,0
NA,Yolo County,5,2017,1,0,0
NA,Yolo County,6,2017,1,0,0
NA,Yolo County,8,2010,1,0,0
NA,Yolo County,11,2016,5,0,0
NA,Yolo County,12,2016,1,0,0
